Workbook
Name SegmentaçãodeDados_Anos__DATA: #N/A
Name SegmentaçãodeDados_Meses__DATA: #N/A

Sheet CONFIG
A1: SIM | E1: =TODAY() -> 46253 | G1: "Sentimos sua falta!"
A2: NÃO | B2: META
B3: 288000 | G3: Estamos há prontos para renovar nossa parceria! Volte a comprar conosco e descubra ofertas exclusivas pensadas para você.
A5: 149 CLIENTES 19/11/2024
B7: LABORATORIO
B8: VETERINARIA
B9: INDUSTRIA
B10: FARMACIA
B11: HOSPITAL
B12: FACULDADE
B13: REVENDA

Sheet DINAMICOS
B1: =GETPIVOTDATA("VALOR INSUMOS",$B$2) -> 135392.18 | D1: =GETPIVOTDATA("VALOR EQUIPAMENTO",$D$2) -> 7920 | F1: =GETPIVOTDATA("PEDIDO INSUMOS",$F$2) -> 47 | H1: =GETPIVOTDATA("PEDIDO EQUIPAMENTO",$H$2) -> 0
B2: Soma de VALOR INSUMOS | D2: Soma de VALOR EQUIPAMENTO | F2: Contagem de PEDIDO INSUMOS | H2: Contagem de PEDIDO EQUIPAMENTO
B3: 135392.18 | D3: 7920 | F3: 47

Sheet LIGACAO
A1: CLIENTE | B1: NOME | C1: RESPONSÁVEL | D1: DATA | E1: HORA | F1: ATENDEU | G1: OBSERVAÇÃO | H1: VISITA | I1: MOTIVO
A2: 704 | B2: =IFERROR(VLOOKUP(A2,CLIENTES!A:D,2,0),"CADASTRAR CLIENTE") -> CADASTRAR CLIENTE | C2: Dra Rosely | D2: 45723 | E2: 0.4375

Sheet CLIENTES
A1: SKU | B1: NOME | C1: EMAIL | D1: CIDADE | E1: SEGMENTO | F1: PRIMEIRA COMPRA | G1: ULTIMA COMPRA | H1: INAT(DIAS) | I1: EMAIL | J1: OBSERVAÇÃO
A14: 869 | B14: &CO. INDUSTRIA E COMERCIO DE COSMETICOS LTDA | D14: LEME | E14: Industria
A15: 1742 | B15: A.C. BARBOSA S/C LTDA. | D15: PAULO DE FARIA | E15: Laboratorio
A16: 500972 | B16: A3Q LABORATORIOS LTDA | D16: CASCAVEL | E16: Laboratorio
A17: 500992 | B17: ABERTTA SAUDE - ASSOCIACAO BENEFICENTE DOS EMPREGADOS DA ARCELORMITTAL NO BRASIL | D17: BELO HORIZONTE | E17: Hospital
A18: 51196 | B18: ADORA PET CENTRO VETERINARIO LTDA | D18: CAMPINAS | E18: Veterinário
A19: 51010 | B19: ALERGOCLINICA CENTRO DE ALERGIA E DERMATOLOGIA LTDA | D19: SAO PAULO | E19: Laboratorio
A20: 500987 | B20: ALESSANDRO DA SILVA PEREIRA | D20: PIRAPETINGA | E20: Industria
A21: 1283 | B21: ANDERSON BARROSO FAVACHO LABORATORIO ME | D21: BEBEDOURO | E21: Laboratorio
A22: 681 | B22: ANDO X ANDO S/C LTDA. | D22: SAO JOSE DO RIO PARDO | E22: Laboratorio
A23: 501304 | B23: AQUA RIO AQUARIO MARINHO DO RIO DE JANEIRO S A | D23: RIO DE JANEIRO | E23: Laboratorio
A24: 1848 | B24: ARACA PROLAB PRODUTOS PARA LABORATORIOS EIRELI | D24: ARACATUBA | E24: Revenda
A25: 500403 | B25: ARBUZ QUIMICA LTDA | D25: ARARAS | E25: Laboratorio
... A125: 6 | B125: LABORATORIO DE ANALISES CLINICAS QUIEZIE & QUIEZIE LTDA-EPP | D125: ASSIS | E125: Laboratorio
A126: 50056 | B126: LABORATORIO DE ANALISES CLINICAS UNILAB DE POMPEIA LTDA | D126: POMPEIA | E126: Laboratorio | K126: administrativo@laboratorioguimaraes.com
A127: 842 | B127: LABORATORIO HEMOPACLI SC LTDA | D127: PIRANGI | E127: Laboratorio
A128: 101 | B128: LABORATORIO MEDICO ESPECIALIZADO LTDA | D128: UBERABA | E128: Laboratorio
A129: 50467 | B129: LABORATORIO MONTE SINAI LTDA | D129: JUIZ DE FORA | E129: Laboratorio
A130: 1010 | B130: LABORATORIO SAO MARCOS DE ANALISES CLINICAS LTDA. | D130: LINS | E130: Laboratorio
A131: 500189 | B131: LABORATORIO UNIVIDA LTDA | D131: GUANHAES | E131: Laboratorio
A132: 176 | B132: LABORATORIOS BOTEGA LTDA | D132: JAGUARIUNA | E132: Laboratorio
A133: 1147 | B133: LABORPATAS LABORATORIO VETERINARIO LTDA | D133: RIO CLARO | E133: Veterinário
A134: 50955 | B134: LACAP LABORATORIO DE ANALISES CLINICAS LTDA | D134: POTIRENDABA | E134: Laboratorio
A135: 977 | B135: LAFROIS LABORATORIO DE ANALISES CLINICAS LTDA | D135: SERRA AZUL | E135: Laboratorio
A136: 50885 | B136: LEAL NUCLEO MEDICO VETERINARIO LTDA | D136: BEBEDOURO | E136: Laboratorio
A137: 649 | B137: LEMOS LABORATORIO DE ANALISES CLINICAS LTDA | D137: JUIZ DE FORA | E137: Veterinário
A138: 3235 | B138: MACEDO E PEREZ LTDA | D138: LUCELIA | E138: Laboratorio
... A251: 501253 | B251: SANTA CASA DE MISERICORDIA DE ITUVERAVA | D251: ITUVERAVA | E251: Hospital

Sheet DADOS
A1: CLIENTE | B1: NOME | C1: ENVIO | D1: PEDIDO INSUMOS | E1: VALOR INSUMOS | F1: PEDIDO EQUIPAMENTO2 | G1: VALOR EQUIPAMENTO | H1: LOCAÇÃO | I1: DATA
A2: 50219 | B2: =IFERROR(VLOOKUP(A2,CLIENTES!A:E,2,0),"CADASTRAR CLIENTE") -> CADASTRAR CLIENTE | D2: 90479 | E2: 2946.95 | I2: 46024
A3: 3508 | B3: =IFERROR(VLOOKUP(A3,CLIENTES!A:E,2,0),"CADASTRAR CLIENTE") -> FUNDACAO FACULDADE MEDICINA/ICESP | D3: 90657 | E3: 291.02 | I3: 46031
A4: 500824 | B4: =IFERROR(VLOOKUP(A4,CLIENTES!A:E,2,0),"CADASTRAR CLIENTE") -> MARDEN MEDICAL LTDA | D4: 90653 | E4: 105 | I4: 46031
A5: 869 | B5: =IFERROR(VLOOKUP(A5,CLIENTES!A:E,2,0),"CADASTRAR CLIENTE") -> &CO. INDUSTRIA E COMERCIO DE COSMETICOS LTDA | D5: 90734 | E5: 580 | I5: 46034
A6: 500859 | B6: =IFERROR(VLOOKUP(A6,CLIENTES!A:E,2,0),"CADASTRAR CLIENTE") -> ASSOCIACAO HOSPITALAR BENEFICENTE DE PINHALZINHO | D6: 90711 | E6: 189 | I6: 46034
A7: 500940 | B7: =IFERROR(VLOOKUP(A7,CLIENTES!A:E,2,0),"CADASTRAR CLIENTE") -> F. B. GOMES VETERINARIA LTDA | D7: 90709 | E7: 8127 | I7: 46034
A8: 500859 | B8: =IFERROR(VLOOKUP(A8,CLIENTES!A:E,2,0),"CADASTRAR CLIENTE") -> ASSOCIACAO HOSPITALAR BENEFICENTE DE PINHALZINHO | D8: 90765 | E8: 395 | I8: 46035
A9: 500717 | B9: =IFERROR(VLOOKUP(A9,CLIENTES!A:E,2,0),"CADASTRAR CLIENTE") -> FUNDACAO EDUCACIONAL LUCAS MACHADO FELUMA | D9: 90769 | E9: 241.6 | I9: 46035
A10: 500717 | B10: =IFERROR(VLOOKUP(A10,CLIENTES!A:E,2,0),"CADASTRAR CLIENTE") -> FUNDACAO EDUCACIONAL LUCAS MACHADO FELUMA | D10: 90770 | E10: 147.3 | I10: 46035
A11: 3327 | B11: =IFERROR(VLOOKUP(A11,CLIENTES!A:E,2,0),"CADASTRAR CLIENTE") -> IRMANDADE SAO JOSE DE NOVO HORIZONTE | D11: 90785 | E11: 244 | I11: 46035
A12: 500618 | B12: =IFERROR(VLOOKUP(A12,CLIENTES!A:E,2,0),"CADASTRAR CLIENTE") -> NATHIELI RENATA GALDINO | D12: 90815 | E12: 160 | I12: 46036
A13: 1147 | B13: =IFERROR(VLOOKUP(A13,CLIENTES!A:E,2,0),"CADASTRAR CLIENTE") -> LABORPATAS LABORATORIO VETERINARIO LTDA | D13: 90836 | E13: 378.9 | I13: 46037
... A535: 3120 | B535: =IFERROR(VLOOKUP(A535,CLIENTES!A:E,2,0),"CADASTRAR CLIENTE") -> VANDERLEI SALVADOR BAGNATO | D535: 98019 | E535: 1097.5 | I535: 46252

Sheet DASHBOARD 3.0
B2: =B7+B10 -> 143312.18 | E2: =B2/CONFIG!B3 -> 0.49761174 | H2: TOP 20 CLIENTES
H3: SKU | I3: NOME | J3: VALORES INSUMOS | K3: VALORES EQUIPAMENTOS | L3: % VENDA | M3: CIDADE
B4: VENDAS TOTAIS | E4: META MENSAL | H4: =INDEX(CLIENTES!A:A,(MATCH('DASHBOARD 3.0'!I4,CLIENTES!B:B,0))) -> #N/A | I4: LABORATORIO DE ANALISES CLINICAS SRC LTDA | J4: 15586.8 | L4: =(J4+K4)/$B$2 -> 0.10876117 | M4: =INDEX(CLIENTES!D:D,(MATCH('DASHBOARD 3.0'!I4,CLIENTES!B:B,0))) -> #N/A
H5: =INDEX(CLIENTES!A:A,(MATCH('DASHBOARD 3.0'!I5,CLIENTES!B:B,0))) -> #N/A | I5: EXAME CENTRO DIAG.M.ARACATUBA SC LTDA. | J5: 13246.72 | L5: =(J5+K5)/$B$2 -> 0.092432618 | M5: =INDEX(CLIENTES!D:D,(MATCH('DASHBOARD 3.0'!I5,CLIENTES!B:B,0))) -> #N/A
H6: =INDEX(CLIENTES!A:A,(MATCH('DASHBOARD 3.0'!I6,CLIENTES!B:B,0))) -> #N/A | I6: EASYMED SERVICOS MEDICOS LTDA | J6: 12947.81 | L6: =(J6+K6)/$B$2 -> 0.090346892 | M6: =INDEX(CLIENTES!D:D,(MATCH('DASHBOARD 3.0'!I6,CLIENTES!B:B,0))) -> #N/A
B7: =DINAMICOS!$B$1 -> 135392.18 | E7: =B2/(CONFIG!B3*12) -> 0.041467645 | H7: =INDEX(CLIENTES!A:A,(MATCH('DASHBOARD 3.0'!I7,CLIENTES!B:B,0))) -> #N/A | I7: STA. CASA MISERICORDIA DE ARACATUBA | J7: 7411.61 | L7: =(J7+K7)/$B$2 -> 0.051716539 | M7: =INDEX(CLIENTES!D:D,(MATCH('DASHBOARD 3.0'!I7,CLIENTES!B:B,0))) -> #N/A
B8: VENDAS ISUMOS | H8: =INDEX(CLIENTES!A:A,(MATCH('DASHBOARD 3.0'!I8,CLIENTES!B:B,0))) -> #N/A | I8: ASSOCIACAO BENEFICIENTE NOSSA SENHORA DE NAZARE | J8: 5730.55 | L8: =(J8+K8)/$B$2 -> 0.039986483 | M8: =INDEX(CLIENTES!D:D,(MATCH('DASHBOARD 3.0'!I8,CLIENTES!B:B,0))) -> #N/A
E9: META ANUAL | H9: =INDEX(CLIENTES!A:A,(MATCH('DASHBOARD 3.0'!I9,CLIENTES!B:B,0))) -> #N/A | I9: LABORATORIO SAO ROQUE LTDA | J9: 5420.39 | L9: =(J9+K9)/$B$2 -> 0.037822256 | M9: =INDEX(CLIENTES!D:D,(MATCH('DASHBOARD 3.0'!I9,CLIENTES!B:B,0))) -> #N/A
B10: =DINAMICOS!$D$1 -> 7920 | H10: =INDEX(CLIENTES!A:A,(MATCH('DASHBOARD 3.0'!I10,CLIENTES!B:B,0))) -> #N/A | I10: SAO ROQUE MEDICINA DIAGNOSTICA LTDA EPP | J10: 4273.04 | L10: =(J10+K10)/$B$2 -> 0.029816307 | M10: =INDEX(CLIENTES!D:D,(MATCH('DASHBOARD 3.0'!I10,CLIENTES!B:B,0))) -> #N/A
B11: VENDAS EQUIPAMENTOS | H11: =INDEX(CLIENTES!A:A,(MATCH('DASHBOARD 3.0'!I11,CLIENTES!B:B,0))) -> #N/A | I11: ASSOCIACAO EDUCACIONAL DE ENSINO SUPERIOR | J11: 3947.1 | K11: 6580 | L11: =(J11+K11)/$B$2 -> 0.073455724 | M11: =INDEX(CLIENTES!D:D,(MATCH('DASHBOARD 3.0'!I11,CLIENTES!B:B,0))) -> #N/A
H12: =INDEX(CLIENTES!A:A,(MATCH('DASHBOARD 3.0'!I12,CLIENTES!B:B,0))) -> #N/A | I12: ASSOCIACAO SANTA CASA SAUDE DE ARACATUBA | J12: 3931.1 | L12: =(J12+K12)/$B$2 -> 0.027430327 | M12: =INDEX(CLIENTES!D:D,(MATCH('DASHBOARD 3.0'!I12,CLIENTES!B:B,0))) -> #N/A
B13: =DINAMICOS!$F$1 -> 47 | H13: =INDEX(CLIENTES!A:A,(MATCH('DASHBOARD 3.0'!I13,CLIENTES!B:B,0))) -> #N/A | I13: EXAME-LABORAT. DE ANAL. CLIN. CITODIAGNOSTICO S/S LTDA | J13: 3695.45 | L13: =(J13+K13)/$B$2 -> 0.025786015 | M13: =INDEX(CLIENTES!D:D,(MATCH('DASHBOARD 3.0'!I13,CLIENTES!B:B,0))) -> #N/A
B14: PEDIDOS INSUMOS | H14: =INDEX(CLIENTES!A:A,(MATCH('DASHBOARD 3.0'!I14,CLIENTES!B:B,0))) -> #N/A | I14: TECNOLAB PATOLOGIA CLINICA S/C LTDA | J14: 3597.6 | L14: =(J14+K14)/$B$2 -> 0.02510324 | M14: =INDEX(CLIENTES!D:D,(MATCH('DASHBOARD 3.0'!I14,CLIENTES!B:B,0))) -> #N/A
H15: =INDEX(CLIENTES!A:A,(MATCH('DASHBOARD 3.0'!I15,CLIENTES!B:B,0))) -> #N/A | I15: LABORATORIOS DOCTOR | J15: 3521.52 | L15: =(J15+K15)/$B$2 -> 0.024572371 | M15: =INDEX(CLIENTES!D:D,(MATCH('DASHBOARD 3.0'!I15,CLIENTES!B:B,0))) -> #N/A
B16: =DINAMICOS!$H$1 -> 0 | H16: =INDEX(CLIENTES!A:A,(MATCH('DASHBOARD 3.0'!I16,CLIENTES!B:B,0))) -> #N/A | I16: SAO ROQUE MEDICINA DIAGNOSTICA LTDA | J16: 3429.9 | L16: =(J16+K16)/$B$2 -> 0.023933067 | M16: =INDEX(CLIENTES!D:D,(MATCH('DASHBOARD 3.0'!I16,CLIENTES!B:B,0))) -> #N/A
B17: PEDIDOS EQUIPAMENTOS | H17: =INDEX(CLIENTES!A:A,(MATCH('DASHBOARD 3.0'!I17,CLIENTES!B:B,0))) -> #N/A | I17: LAB. ANAL. CLIN. COFFERS S/C LTDA | J17: 3380.62 | L17: =(J17+K17)/$B$2 -> 0.023589202 | M17: =INDEX(CLIENTES!D:D,(MATCH('DASHBOARD 3.0'!I17,CLIENTES!B:B,0))) -> #N/A
H18: =INDEX(CLIENTES!A:A,(MATCH('DASHBOARD 3.0'!I18,CLIENTES!B:B,0))) -> #N/A | I18: LAB SAO LUCAS | J18: 3258.5 | L18: =(J18+K18)/$B$2 -> 0.022737076 | M18: =INDEX(CLIENTES!D:D,(MATCH('DASHBOARD 3.0'!I18,CLIENTES!B:B,0))) -> #N/A
H19: =INDEX(CLIENTES!A:A,(MATCH('DASHBOARD 3.0'!I19,CLIENTES!B:B,0))) -> #N/A | I19: CLINILAB LABORAT. ANAL. CLIN SC LTDA | J19: 3197.08 | L19: =(J19+K19)/$B$2 -> 0.022308502 | M19: =INDEX(CLIENTES!D:D,(MATCH('DASHBOARD 3.0'!I19,CLIENTES!B:B,0))) -> #N/A
H20: =INDEX(CLIENTES!A:A,(MATCH('DASHBOARD 3.0'!I20,CLIENTES!B:B,0))) -> #N/A | I20: BIOLABOR LAB. ANAL. CLIN. SC LTDA. | J20: 3101.2 | L20: =(J20+K20)/$B$2 -> 0.021639473 | M20: =INDEX(CLIENTES!D:D,(MATCH('DASHBOARD 3.0'!I20,CLIENTES!B:B,0))) -> #N/A
H21: =INDEX(CLIENTES!A:A,(MATCH('DASHBOARD 3.0'!I21,CLIENTES!B:B,0))) -> #N/A | I21: CENTRO DE ANAL.CLIN. UNILAB SC LTDA. | J21: 2820.45 | K21: 1340 | L21: =(J21+K21)/$B$2 -> 0.02903068 | M21: =INDEX(CLIENTES!D:D,(MATCH('DASHBOARD 3.0'!I21,CLIENTES!B:B,0))) -> #N/A
H22: =INDEX(CLIENTES!A:A,(MATCH('DASHBOARD 3.0'!I22,CLIENTES!B:B,0))) -> #N/A | I22: SOCIEDADE EDUCACIONAL UBERABENSE | J22: 2676.4 | L22: =(J22+K22)/$B$2 -> 0.018675314 | M22: =INDEX(CLIENTES!D:D,(MATCH('DASHBOARD 3.0'!I22,CLIENTES!B:B,0))) -> #N/A
H23: =INDEX(CLIENTES!A:A,(MATCH('DASHBOARD 3.0'!I23,CLIENTES!B:B,0))) -> #N/A | I23: LABORATORIO DE ANALISES CLINICAS VIDA BIRIGUI LTDA | J23: 2415.98 | L23: =(J23+K23)/$B$2 -> 0.016858162 | M23: =INDEX(CLIENTES!D:D,(MATCH('DASHBOARD 3.0'!I23,CLIENTES!B:B,0))) -> #N/A
I24: Total Geral | J24: 107589.82 | K24: 7920 | L24: =SUM(L4:L23) -> 0.80600142
