Workbook
Name SegmentaçãodeDados_Anos__DATA: #N/A
Name SegmentaçãodeDados_Meses__DATA: #N/A

Sheet CONFIG
A1: SIM | E1: =TODAY() -> 46254 | G1: "Sentimos sua falta!"
A2: NÃO | B2: META
B3: 288000 | G3: Estamos há prontos para renovar nossa parceria! Volte a comprar conosco e descubra ofertas exclusivas pensadas para você.
A5: 149 CLIENTES 19/11/2024
B7: LABORATORIO
B8: VETERINARIA
B9: INDUSTRIA
B10: FARMACIA
B11: HOSPITAL
B12: FACULDADE
B13: REVENDA

Sheet DINAMICOS
B1: =GETPIVOTDATA("VALOR INSUMOS",$B$2) -> 135392.18 | D1: =GETPIVOTDATA("VALOR EQUIPAMENTO",$D$2) -> 7920 | F1: =GETPIVOTDATA("PEDIDO INSUMOS",$F$2) -> 47 | H1: =GETPIVOTDATA("PEDIDO EQUIPAMENTO",$H$2) -> 0
B2: Soma de VALOR INSUMOS | D2: Soma de VALOR EQUIPAMENTO | F2: Contagem de PEDIDO INSUMOS | H2: Contagem de PEDIDO EQUIPAMENTO
B3: 135392.18 | D3: 7920 | F3: 47

Sheet LIGACAO
A1: CLIENTE | B1: NOME | C1: RESPONSÁVEL | D1: DATA | E1: HORA | F1: ATENDEU | G1: OBSERVAÇÃO | H1: VISITA | I1: MOTIVO
A2: 704 | B2: =IFERROR(VLOOKUP(A2,CLIENTES!A:E,2,0),"CADASTRAR CLIENTE") -> LAB. ONUMA E BASILIO S/C LTDA | C2: Dra Rosely | D2: 45723 | E2: 0.4375

Sheet CLIENTES
A1: SKU | B1: NOME | C1: EMAIL | D1: WHATS | E1: CIDADE | F1: SEGMENTO | G1: PRIMEIRA COMPRA | H1: ULTIMA COMPRA | I1: INAT(DIAS) | J1: EMAIL | K1: OBSERVAÇÃO
A2: 171 | B2: HOSPITAL BENEFICENTE SAO JOSE | C2: hospitalbsaojose@hotmail.com | E2: HERCULANDIA | G2: =_xlfn.MINIFS(DADOS!$I:$I,DADOS!$B:$B,B2) -> 45377 | H2: =_xlfn.MAXIFS(DADOS!$I:$I,DADOS!$B:$B,B2) -> 46185 | I2: =CONFIG!$E$1-CLIENTES!H2 -> 69 | J2: =HYPERLINK("mailto:"&C2&"?subject="&CONFIG!$G$1&"&body="&CONFIG!$G$3,"Enviar e-mail") -> Enviar e-mail
A3: 197 | B3: LAB.ANAL.CLIN.DE ITAPETININGA | C3: acaruj@globo.com | E3: ITAPETININGA | G3: =_xlfn.MINIFS(DADOS!$I:$I,DADOS!$B:$B,B3) -> 45432 | H3: =_xlfn.MAXIFS(DADOS!$I:$I,DADOS!$B:$B,B3) -> 46217 | I3: =CONFIG!$E$1-CLIENTES!H3 -> 37 | J3: =HYPERLINK("mailto:"&C3&"?subject="&CONFIG!$G$1&"&body="&CONFIG!$G$3,"Enviar e-mail") -> Enviar e-mail
A4: 311 | B4: CENTRO DE ANAL.CLIN. UNILAB SC LTDA. | C4: marcia@laboratoriounilab.com.br | E4: PRESIDENTE PRUDENTE | G4: =_xlfn.MINIFS(DADOS!$I:$I,DADOS!$B:$B,B4) -> 45369 | H4: =_xlfn.MAXIFS(DADOS!$I:$I,DADOS!$B:$B,B4) -> 46240 | I4: =CONFIG!$E$1-CLIENTES!H4 -> 14 | J4: =HYPERLINK("mailto:"&C4&"?subject="&CONFIG!$G$1&"&body="&CONFIG!$G$3,"Enviar e-mail") -> Enviar e-mail
A5: 325 | B5: EXAME-LABORAT. DE ANAL. CLIN. CITODIAGNOSTICO S/S LTDA | C5: luizernesto@laboratorioexame.com | E5: PRESIDENTE PRUDENTE | G5: =_xlfn.MINIFS(DADOS!$I:$I,DADOS!$B:$B,B5) -> 45421 | H5: =_xlfn.MAXIFS(DADOS!$I:$I,DADOS!$B:$B,B5) -> 46247 | I5: =CONFIG!$E$1-CLIENTES!H5 -> 7 | J5: =HYPERLINK("mailto:"&C5&"?subject="&CONFIG!$G$1&"&body="&CONFIG!$G$3,"Enviar e-mail") -> Enviar e-mail
A6: 335 | B6: LABORATORIO VIDA S/S LTDA | C6: laboratorio.vida@yahoo.com.br | E6: PEDERNEIRAS | G6: =_xlfn.MINIFS(DADOS!$I:$I,DADOS!$B:$B,B6) -> 45352 | H6: =_xlfn.MAXIFS(DADOS!$I:$I,DADOS!$B:$B,B6) -> 45588 | I6: =CONFIG!$E$1-CLIENTES!H6 -> 666 | J6: =HYPERLINK("mailto:"&C6&"?subject="&CONFIG!$G$1&"&body="&CONFIG!$G$3,"Enviar e-mail") -> Enviar e-mail
A7: 364 | B7: VITALIS LAB.ANAL.CLIN.S/C LTDA | C7: vitalisitatinga@hotmail.com | E7: ITATINGA | G7: =_xlfn.MINIFS(DADOS!$I:$I,DADOS!$B:$B,B7) -> 45359 | H7: =_xlfn.MAXIFS(DADOS!$I:$I,DADOS!$B:$B,B7) -> 46093 | I7: =CONFIG!$E$1-CLIENTES!H7 -> 161 | J7: =HYPERLINK("mailto:"&C7&"?subject="&CONFIG!$G$1&"&body="&CONFIG!$G$3,"Enviar e-mail") -> Enviar e-mail
A8: 380 | B8: SANTA CASA DE CARIDADE DE GUARANESIA | C8: lucia.avelino@yahoo.com.br | E8: GUARANESIA | G8: =_xlfn.MINIFS(DADOS!$I:$I,DADOS!$B:$B,B8) -> 45594 | H8: =_xlfn.MAXIFS(DADOS!$I:$I,DADOS!$B:$B,B8) -> 45594 | I8: =CONFIG!$E$1-CLIENTES!H8 -> 660 | J8: =HYPERLINK("mailto:"&C8&"?subject="&CONFIG!$G$1&"&body="&CONFIG!$G$3,"Enviar e-mail") -> Enviar e-mail
A9: 412 | B9: LAB.ANAL.CLIN.SAO MANUEL SC LTDA. | C9: lab.sm@bol.com.br | E9: SAO MANUEL | G9: =_xlfn.MINIFS(DADOS!$I:$I,DADOS!$B:$B,B9) -> 45414 | H9: =_xlfn.MAXIFS(DADOS!$I:$I,DADOS!$B:$B,B9) -> 46216 | I9: =CONFIG!$E$1-CLIENTES!H9 -> 38 | J9: =HYPERLINK("mailto:"&C9&"?subject="&CONFIG!$G$1&"&body="&CONFIG!$G$3,"Enviar e-mail") -> Enviar e-mail
A10: 432 | B10: LABORATORIO PASTEUR HEMATOLOGIA E MICROBIOLOGIA S/S LTDA | C10: laboratorio.pasteur@terra.com.br | E10: SÃO CARLOS | G10: =_xlfn.MINIFS(DADOS!$I:$I,DADOS!$B:$B,B10) -> 45366 | H10: =_xlfn.MAXIFS(DADOS!$I:$I,DADOS!$B:$B,B10) -> 46247 | I10: =CONFIG!$E$1-CLIENTES!H10 -> 7 | J10: =HYPERLINK("mailto:"&C10&"?subject="&CONFIG!$G$1&"&body="&CONFIG!$G$3,"Enviar e-mail") -> Enviar e-mail
A11: 463 | B11: MASUDA & MASUDA LABORATORIO CLINICO LTDA | C11: ltlabanalisesclinicas_pb@hotmail.com | E11: PEREIRA BARRETO | G11: =_xlfn.MINIFS(DADOS!$I:$I,DADOS!$B:$B,B11) -> 45359 | H11: =_xlfn.MAXIFS(DADOS!$I:$I,DADOS!$B:$B,B11) -> 46247 | I11: =CONFIG!$E$1-CLIENTES!H11 -> 7 | J11: =HYPERLINK("mailto:"&C11&"?subject="&CONFIG!$G$1&"&body="&CONFIG!$G$3,"Enviar e-mail") -> Enviar e-mail
A12: 474 | B12: LABORATI LAB. ANAL. CLIN. TIETE S/C LTDA. | C12: contato@laboratoriolaborati.com.br | E12: TIETE | G12: =_xlfn.MINIFS(DADOS!$I:$I,DADOS!$B:$B,B12) -> 45428 | H12: =_xlfn.MAXIFS(DADOS!$I:$I,DADOS!$B:$B,B12) -> 46233 | I12: =CONFIG!$E$1-CLIENTES!H12 -> 21 | J12: =HYPERLINK("mailto:"&C12&"?subject="&CONFIG!$G$1&"&body="&CONFIG!$G$3,"Enviar e-mail") -> Enviar e-mail
A13: 475 | B13: LABORATORIO DE ANALISES CLINICAS SRC LTDA | C13: faturamento.laboratoriosrc@gmail.com | E13: CATANDUVA | G13: =_xlfn.MINIFS(DADOS!$I:$I,DADOS!$B:$B,B13) -> 45357 | H13: =_xlfn.MAXIFS(DADOS!$I:$I,DADOS!$B:$B,B13) -> 46239 | I13: =CONFIG!$E$1-CLIENTES!H13 -> 15 | J13: =HYPERLINK("mailto:"&C13&"?subject="&CONFIG!$G$1&"&body="&CONFIG!$G$3,"Enviar e-mail") -> Enviar e-mail
... A39: 823 | B39: SANCHES x SANCHES S/C LTDA | C39: laboratoriodrlauro@gmail.com | E39: CATANDUVA | G39: =_xlfn.MINIFS(DADOS!$I:$I,DADOS!$B:$B,B39) -> 45356 | H39: =_xlfn.MAXIFS(DADOS!$I:$I,DADOS!$B:$B,B39) -> 46233 | I39: =CONFIG!$E$1-CLIENTES!H39 -> 21 | J39: =HYPERLINK("mailto:"&C39&"?subject="&CONFIG!$G$1&"&body="&CONFIG!$G$3,"Enviar e-mail") -> Enviar e-mail
A40: 832 | B40: ASSOCIACAO DE ENSINO E CULTURA DE MATO GROSSO | C40: almoxarifado@unilago.edu.br | E40: TRES LAGOAS | F40: FACULDADE | G40: =_xlfn.MINIFS(DADOS!$I:$I,DADOS!$B:$B,B40) -> 45359 | H40: =_xlfn.MAXIFS(DADOS!$I:$I,DADOS!$B:$B,B40) -> 46234 | I40: =CONFIG!$E$1-CLIENTES!H40 -> 20 | J40: =HYPERLINK("mailto:"&C40&"?subject="&CONFIG!$G$1&"&body="&CONFIG!$G$3,"Enviar e-mail") -> Enviar e-mail
A41: 874 | B41: LAB.ANAL.CLIN ABI JAUDI SC LTDA. | C41: pabijaudi@gmail.com | E41: AMERICO BRASILIENSE | G41: =_xlfn.MINIFS(DADOS!$I:$I,DADOS!$B:$B,B41) -> 45370 | H41: =_xlfn.MAXIFS(DADOS!$I:$I,DADOS!$B:$B,B41) -> 46218 | I41: =CONFIG!$E$1-CLIENTES!H41 -> 36 | J41: =HYPERLINK("mailto:"&C41&"?subject="&CONFIG!$G$1&"&body="&CONFIG!$G$3,"Enviar e-mail") -> Enviar e-mail
A42: 885 | B42: MEDCLINICA MORATENSE SC LTDA ME | C42: medclinicamoratense@hotmail.com | E42: FRANCISCO MORATO | F42: LABORATORIO | G42: =_xlfn.MINIFS(DADOS!$I:$I,DADOS!$B:$B,B42) -> 45414 | H42: =_xlfn.MAXIFS(DADOS!$I:$I,DADOS!$B:$B,B42) -> 45663 | I42: =CONFIG!$E$1-CLIENTES!H42 -> 591 | J42: =HYPERLINK("mailto:"&C42&"?subject="&CONFIG!$G$1&"&body="&CONFIG!$G$3,"Enviar e-mail") -> Enviar e-mail
A43: 905 | B43: LAB AN CLIN DR NESTOR FERRAREZZI FILHO SC LTDA | C43: labnestor@hotmail.com | E43: SEVERINIA | F43: LABORATORIO | G43: =_xlfn.MINIFS(DADOS!$I:$I,DADOS!$B:$B,B43) -> 45384 | H43: =_xlfn.MAXIFS(DADOS!$I:$I,DADOS!$B:$B,B43) -> 46230 | I43: =CONFIG!$E$1-CLIENTES!H43 -> 24 | J43: =HYPERLINK("mailto:"&C43&"?subject="&CONFIG!$G$1&"&body="&CONFIG!$G$3,"Enviar e-mail") -> Enviar e-mail
A44: 906 | B44: LABORATORIO ANAL. CLIN. DESCALVADO LTDA | C44: labdescalvado@gmail.com | E44: DESCALVADO | G44: =_xlfn.MINIFS(DADOS!$I:$I,DADOS!$B:$B,B44) -> 45358 | H44: =_xlfn.MAXIFS(DADOS!$I:$I,DADOS!$B:$B,B44) -> 46230 | I44: =CONFIG!$E$1-CLIENTES!H44 -> 24 | J44: =HYPERLINK("mailto:"&C44&"?subject="&CONFIG!$G$1&"&body="&CONFIG!$G$3,"Enviar e-mail") -> Enviar e-mail
A45: 960 | B45: LUIS VALERIO FILHO-ME | C45: patricia.azuaga@gmail.com | E45: MARAPOAMA | G45: =_xlfn.MINIFS(DADOS!$I:$I,DADOS!$B:$B,B45) -> 45359 | H45: =_xlfn.MAXIFS(DADOS!$I:$I,DADOS!$B:$B,B45) -> 46238 | I45: =CONFIG!$E$1-CLIENTES!H45 -> 16 | J45: =HYPERLINK("mailto:"&C45&"?subject="&CONFIG!$G$1&"&body="&CONFIG!$G$3,"Enviar e-mail") -> Enviar e-mail
A46: 980 | B46: LAB. GUARARAPES ANAL. CLIN. SC LTDA | C46: laboratorioguararapes@gmail.com | E46: GUARARAPES | F46: LABORATORIO | G46: =_xlfn.MINIFS(DADOS!$I:$I,DADOS!$B:$B,B46) -> 45397 | H46: =_xlfn.MAXIFS(DADOS!$I:$I,DADOS!$B:$B,B46) -> 46182 | I46: =CONFIG!$E$1-CLIENTES!H46 -> 72 | J46: =HYPERLINK("mailto:"&C46&"?subject="&CONFIG!$G$1&"&body="&CONFIG!$G$3,"Enviar e-mail") -> Enviar e-mail
A47: 1016 | B47: LAB.ANAL.CLIN. SAO LUCAS SC LTDA. | C47: labolucas@gmail.com | E47: MIRANDOPOLIS | G47: =_xlfn.MINIFS(DADOS!$I:$I,DADOS!$B:$B,B47) -> 45446 | H47: =_xlfn.MAXIFS(DADOS!$I:$I,DADOS!$B:$B,B47) -> 46220 | I47: =CONFIG!$E$1-CLIENTES!H47 -> 34 | J47: =HYPERLINK("mailto:"&C47&"?subject="&CONFIG!$G$1&"&body="&CONFIG!$G$3,"Enviar e-mail") -> Enviar e-mail
A48: 1026 | B48: LABSC SERVICOS LABORATORIAIS LTDA | C48: cfabriciof@hotmail.com | E48: SANTA ADELIA | G48: =_xlfn.MINIFS(DADOS!$I:$I,DADOS!$B:$B,B48) -> 45352 | H48: =_xlfn.MAXIFS(DADOS!$I:$I,DADOS!$B:$B,B48) -> 46183 | I48: =CONFIG!$E$1-CLIENTES!H48 -> 71 | J48: =HYPERLINK("mailto:"&C48&"?subject="&CONFIG!$G$1&"&body="&CONFIG!$G$3,"Enviar e-mail") -> Enviar e-mail
A49: 1041 | B49: EDSON VANDERLEI CARRERA | C49: edson.carrera@hotmail.com | E49: SANTA CRUZ DA CONCEICAO | G49: =_xlfn.MINIFS(DADOS!$I:$I,DADOS!$B:$B,B49) -> 45394 | H49: =_xlfn.MAXIFS(DADOS!$I:$I,DADOS!$B:$B,B49) -> 45841 | I49: =CONFIG!$E$1-CLIENTES!H49 -> 413 | J49: =HYPERLINK("mailto:"&C49&"?subject="&CONFIG!$G$1&"&body="&CONFIG!$G$3,"Enviar e-mail") -> Enviar e-mail
A50: 1058 | B50: LAB. ANAL. CLIN. DR ARNALDO BUAINAIN SS LTDA | C50: lab.buainain@uol.com.br | E50: ARARAQUARA | F50: LABORATORIO | G50: =_xlfn.MINIFS(DADOS!$I:$I,DADOS!$B:$B,B50) -> 45352 | H50: =_xlfn.MAXIFS(DADOS!$I:$I,DADOS!$B:$B,B50) -> 46128 | I50: =CONFIG!$E$1-CLIENTES!H50 -> 126 | J50: =HYPERLINK("mailto:"&C50&"?subject="&CONFIG!$G$1&"&body="&CONFIG!$G$3,"Enviar e-mail") -> Enviar e-mail
A51: 1122 | B51: FUNDEPAG | C51: ceav.biologico@gmail.com | E51: SAO PAULO | G51: =_xlfn.MINIFS(DADOS!$I:$I,DADOS!$B:$B,B51) -> 45411 | H51: =_xlfn.MAXIFS(DADOS!$I:$I,DADOS!$B:$B,B51) -> 46218 | I51: =CONFIG!$E$1-CLIENTES!H51 -> 36 | J51: =HYPERLINK("mailto:"&C51&"?subject="&CONFIG!$G$1&"&body="&CONFIG!$G$3,"Enviar e-mail") -> Enviar e-mail
A52: 1158 | B52: FUNDACAO DE DESENVOLVIMENTO DA PESQUISA | C52: samuelsilva@fundep.com.br | E52: BELO HORIZONTE | G52: =_xlfn.MINIFS(DADOS!$I:$I,DADOS!$B:$B,B52) -> 45586 | H52: =_xlfn.MAXIFS(DADOS!$I:$I,DADOS!$B:$B,B52) -> 45586 | I52: =CONFIG!$E$1-CLIENTES!H52 -> 668 | J52: =HYPERLINK("mailto:"&C52&"?subject="&CONFIG!$G$1&"&body="&CONFIG!$G$3,"Enviar e-mail") -> Enviar e-mail
A53: 1164 | B53: LAB. ANAL. CLIN. SAO LOURENCO S/C LTDA | C53: luizantonio_ciocca@hotmail.com | E53: URUPES | G53: =_xlfn.MINIFS(DADOS!$I:$I,DADOS!$B:$B,B53) -> 45372 | H53: =_xlfn.MAXIFS(DADOS!$I:$I,DADOS!$B:$B,B53) -> 46232 | I53: =CONFIG!$E$1-CLIENTES!H53 -> 22 | J53: =HYPERLINK("mailto:"&C53&"?subject="&CONFIG!$G$1&"&body="&CONFIG!$G$3,"Enviar e-mail") -> Enviar e-mail
A54: 1206 | B54: LABORATORIO RIO NEGRO CENTER DE MARILIA LTDA | C54: biolabormarilia@hotmail.com | E54: MARILIA | G54: =_xlfn.MINIFS(DADOS!$I:$I,DADOS!$B:$B,B54) -> 45362 | H54: =_xlfn.MAXIFS(DADOS!$I:$I,DADOS!$B:$B,B54) -> 46234 | I54: =CONFIG!$E$1-CLIENTES!H54 -> 20 | J54: =HYPERLINK("mailto:"&C54&"?subject="&CONFIG!$G$1&"&body="&CONFIG!$G$3,"Enviar e-mail") -> Enviar e-mail
A55: 1240 | B55: MONICA VIEIRA DE CAMPOS REBELO-ME | C55: laboratoriosaobento@hotmail.com | E55: CONCHAS | G55: =_xlfn.MINIFS(DADOS!$I:$I,DADOS!$B:$B,B55) -> 45357 | H55: =_xlfn.MAXIFS(DADOS!$I:$I,DADOS!$B:$B,B55) -> 46218 | I55: =CONFIG!$E$1-CLIENTES!H55 -> 36 | J55: =HYPERLINK("mailto:"&C55&"?subject="&CONFIG!$G$1&"&body="&CONFIG!$G$3,"Enviar e-mail") -> Enviar e-mail
A56: 1318 | B56: LABORATORIO DE ANALISES CLINICAS VITAL BRAZIL LTDA EPP | C56: compras@lvb.com.br | E56: CAMPINAS | G56: =_xlfn.MINIFS(DADOS!$I:$I,DADOS!$B:$B,B56) -> 45567 | H56: =_xlfn.MAXIFS(DADOS!$I:$I,DADOS!$B:$B,B56) -> 45567 | I56: =CONFIG!$E$1-CLIENTES!H56 -> 687 | J56: =HYPERLINK("mailto:"&C56&"?subject="&CONFIG!$G$1&"&body="&CONFIG!$G$3,"Enviar e-mail") -> Enviar e-mail
A57: 1371 | B57: MICHELE LOPES BERGAMIM-ME | C57: biomedimiberga@hotmail.com | E57: IBIRA | G57: =_xlfn.MINIFS(DADOS!$I:$I,DADOS!$B:$B,B57) -> 45588 | H57: =_xlfn.MAXIFS(DADOS!$I:$I,DADOS!$B:$B,B57) -> 46211 | I57: =CONFIG!$E$1-CLIENTES!H57 -> 43 | J57: =HYPERLINK("mailto:"&C57&"?subject="&CONFIG!$G$1&"&body="&CONFIG!$G$3,"Enviar e-mail") -> Enviar e-mail
A58: 1493 | B58: CEDIMA CENTRO DE DIAG MONTE AZUL ANAL CLIN E CIT | C58: laboratorio.cedima@bol.com.br | E58: MONTE AZUL PAULISTA | G58: =_xlfn.MINIFS(DADOS!$I:$I,DADOS!$B:$B,B58) -> 45357 | H58: =_xlfn.MAXIFS(DADOS!$I:$I,DADOS!$B:$B,B58) -> 46218 | I58: =CONFIG!$E$1-CLIENTES!H58 -> 36 | J58: =HYPERLINK("mailto:"&C58&"?subject="&CONFIG!$G$1&"&body="&CONFIG!$G$3,"Enviar e-mail") -> Enviar e-mail
A59: 1502 | B59: ASSOC.CASA DE SAUDE BEN. DE INDIAPORA | C59: laboratorioacsbi@gmail.com.br | E59: INDIAPORA | G59: =_xlfn.MINIFS(DADOS!$I:$I,DADOS!$B:$B,B59) -> 45387 | H59: =_xlfn.MAXIFS(DADOS!$I:$I,DADOS!$B:$B,B59) -> 45953 | I59: =CONFIG!$E$1-CLIENTES!H59 -> 301 | J59: =HYPERLINK("mailto:"&C59&"?subject="&CONFIG!$G$1&"&body="&CONFIG!$G$3,"Enviar e-mail") -> Enviar e-mail
A60: 1533 | B60: LABORATORIO BIOANALISE DIAGNOSTICO LTDA | C60: qualidadebioanalise@gmail.com | E60: MATAO | G60: =_xlfn.MINIFS(DADOS!$I:$I,DADOS!$B:$B,B60) -> 45369 | H60: =_xlfn.MAXIFS(DADOS!$I:$I,DADOS!$B:$B,B60) -> 46246 | I60: =CONFIG!$E$1-CLIENTES!H60 -> 8 | J60: =HYPERLINK("mailto:"&C60&"?subject="&CONFIG!$G$1&"&body="&CONFIG!$G$3,"Enviar e-mail") -> Enviar e-mail
A61: 1534 | B61: CISCRE IMPORTACAO E DISTRIBUICAO DE PRODUTOS MEDICOS LTDA | C61: fabiana@ciscre.com.br | E61: CAMPINAS | F61: LABORATORIO | G61: =_xlfn.MINIFS(DADOS!$I:$I,DADOS!$B:$B,B61) -> 45474 | H61: =_xlfn.MAXIFS(DADOS!$I:$I,DADOS!$B:$B,B61) -> 46203 | I61: =CONFIG!$E$1-CLIENTES!H61 -> 51 | J61: =HYPERLINK("mailto:"&C61&"?subject="&CONFIG!$G$1&"&body="&CONFIG!$G$3,"Enviar e-mail") -> Enviar e-mail
A62: 1616 | B62: NOVO HORIZONTE LAB.ANAL.CLIN.S/C LTDA. | C62: everaldojoselazari@gmail.com | E62: NOVO HORIZONTE | G62: =_xlfn.MINIFS(DADOS!$I:$I,DADOS!$B:$B,B62) -> 45406 | H62: =_xlfn.MAXIFS(DADOS!$I:$I,DADOS!$B:$B,B62) -> 46239 | I62: =CONFIG!$E$1-CLIENTES!H62 -> 15 | J62: =HYPERLINK("mailto:"&C62&"?subject="&CONFIG!$G$1&"&body="&CONFIG!$G$3,"Enviar e-mail") -> Enviar e-mail
A63: 1623 | B63: LAB.ANAL.CLIN. E REP. BADY BASSIT LTDA | C63: labbady@terra.com.br | E63: BADY BASSITT | G63: =_xlfn.MINIFS(DADOS!$I:$I,DADOS!$B:$B,B63) -> 45371 | H63: =_xlfn.MAXIFS(DADOS!$I:$I,DADOS!$B:$B,B63) -> 46136 | I63: =CONFIG!$E$1-CLIENTES!H63 -> 118 | J63: =HYPERLINK("mailto:"&C63&"?subject="&CONFIG!$G$1&"&body="&CONFIG!$G$3,"Enviar e-mail") -> Enviar e-mail
A64: 1652 | B64: LAB. SANTA CLARA ANAL.CLIN. | C64: lab.santaclara@terra.com.br | E64: FERNANDOPOLIS | G64: =_xlfn.MINIFS(DADOS!$I:$I,DADOS!$B:$B,B64) -> 45376 | H64: =_xlfn.MAXIFS(DADOS!$I:$I,DADOS!$B:$B,B64) -> 46226 | I64: =CONFIG!$E$1-CLIENTES!H64 -> 28 | J64: =HYPERLINK("mailto:"&C64&"?subject="&CONFIG!$G$1&"&body="&CONFIG!$G$3,"Enviar e-mail") -> Enviar e-mail
A65: 1726 | B65: IRMANDADE DA SANTA CASA DE MISERIC. DE MOGI MIRIM | C65: francisco.rangel@santacasamogi.com.br | E65: MOGI-MIRIM | G65: =_xlfn.MINIFS(DADOS!$I:$I,DADOS!$B:$B,B65) -> 45362 | H65: =_xlfn.MAXIFS(DADOS!$I:$I,DADOS!$B:$B,B65) -> 46108 | I65: =CONFIG!$E$1-CLIENTES!H65 -> 146 | J65: =HYPERLINK("mailto:"&C65&"?subject="&CONFIG!$G$1&"&body="&CONFIG!$G$3,"Enviar e-mail") -> Enviar e-mail
A66: 1742 | B66: A.C. BARBOSA S/C LTDA. | C66: laboratorioacbarbosa@hotmail.com | E66: PAULO DE FARIA | G66: =_xlfn.MINIFS(DADOS!$I:$I,DADOS!$B:$B,B66) -> 45401 | H66: =_xlfn.MAXIFS(DADOS!$I:$I,DADOS!$B:$B,B66) -> 45615 | I66: =CONFIG!$E$1-CLIENTES!H66 -> 639 | J66: =HYPERLINK("mailto:"&C66&"?subject="&CONFIG!$G$1&"&body="&CONFIG!$G$3,"Enviar e-mail") -> Enviar e-mail
A67: 1788 | B67: ZANATA & REIS LABORCLINICA LTDA | C67: fumagallioliveiralab@gmail.com | E67: CACONDE | G67: =_xlfn.MINIFS(DADOS!$I:$I,DADOS!$B:$B,B67) -> 45415 | H67: =_xlfn.MAXIFS(DADOS!$I:$I,DADOS!$B:$B,B67) -> 46042 | I67: =CONFIG!$E$1-CLIENTES!H67 -> 212 | J67: =HYPERLINK("mailto:"&C67&"?subject="&CONFIG!$G$1&"&body="&CONFIG!$G$3,"Enviar e-mail") -> Enviar e-mail
A68: 1806 | B68: LABORATORIO DE ANALISES CLINICAS SENTOME LTDA-ME | C68: laboratoriosentome@hotmail.com | E68: BROTAS | F68: LABORATORIO | G68: =_xlfn.MINIFS(DADOS!$I:$I,DADOS!$B:$B,B68) -> 45371 | H68: =_xlfn.MAXIFS(DADOS!$I:$I,DADOS!$B:$B,B68) -> 45429 | I68: =CONFIG!$E$1-CLIENTES!H68 -> 825 | J68: =HYPERLINK("mailto:"&C68&"?subject="&CONFIG!$G$1&"&body="&CONFIG!$G$3,"Enviar e-mail") -> Enviar e-mail
A69: 1813 | B69: BIOMED LAB.ANAL.CLIN. SC LTDA | C69: hpstanzani@hotmail.com | E69: IBITINGA | G69: =_xlfn.MINIFS(DADOS!$I:$I,DADOS!$B:$B,B69) -> 45369 | H69: =_xlfn.MAXIFS(DADOS!$I:$I,DADOS!$B:$B,B69) -> 46248 | I69: =CONFIG!$E$1-CLIENTES!H69 -> 6 | J69: =HYPERLINK("mailto:"&C69&"?subject="&CONFIG!$G$1&"&body="&CONFIG!$G$3,"Enviar e-mail") -> Enviar e-mail
A70: 1842 | B70: LABORATORIO UNILABVET EIRELI | C70: orcamentosunilabvet@gmail.com | E70: AMERICANA | G70: =_xlfn.MINIFS(DADOS!$I:$I,DADOS!$B:$B,B70) -> 45369 | H70: =_xlfn.MAXIFS(DADOS!$I:$I,DADOS!$B:$B,B70) -> 46188 | I70: =CONFIG!$E$1-CLIENTES!H70 -> 66 | J70: =HYPERLINK("mailto:"&C70&"?subject="&CONFIG!$G$1&"&body="&CONFIG!$G$3,"Enviar e-mail") -> Enviar e-mail
A71: 1905 | B71: A.C. CORREA DE OLIVEIRA LABORATORIO CLÍNICO | C71: anacarolina_biomedlab@hotmail.com | E71: BROTAS | G71: =_xlfn.MINIFS(DADOS!$I:$I,DADOS!$B:$B,B71) -> 45490 | H71: =_xlfn.MAXIFS(DADOS!$I:$I,DADOS!$B:$B,B71) -> 46217 | I71: =CONFIG!$E$1-CLIENTES!H71 -> 37 | J71: =HYPERLINK("mailto:"&C71&"?subject="&CONFIG!$G$1&"&body="&CONFIG!$G$3,"Enviar e-mail") -> Enviar e-mail
A72: 1971 | B72: LABORATORIO POPULAR LAB 7 LTDA | C72: pedromneto@uol.com.br | E72: IBITINGA | G72: =_xlfn.MINIFS(DADOS!$I:$I,DADOS!$B:$B,B72) -> 45358 | H72: =_xlfn.MAXIFS(DADOS!$I:$I,DADOS!$B:$B,B72) -> 46247 | I72: =CONFIG!$E$1-CLIENTES!H72 -> 7 | J72: =HYPERLINK("mailto:"&C72&"?subject="&CONFIG!$G$1&"&body="&CONFIG!$G$3,"Enviar e-mail") -> Enviar e-mail
A73: 1989 | B73: SAO FRANCISCO ANAL. CLIN. | C73: lab.saofrancisco@uol.com.br | E73: DESCALVADO | G73: =_xlfn.MINIFS(DADOS!$I:$I,DADOS!$B:$B,B73) -> 45377 | H73: =_xlfn.MAXIFS(DADOS!$I:$I,DADOS!$B:$B,B73) -> 46247 | I73: =CONFIG!$E$1-CLIENTES!H73 -> 7 | J73: =HYPERLINK("mailto:"&C73&"?subject="&CONFIG!$G$1&"&body="&CONFIG!$G$3,"Enviar e-mail") -> Enviar e-mail
A74: 2022 | B74: LAB. MEDICO DR. MARICONDI S/C LTDA. | C74: anaamelia@labmaricondi.com.br | E74: SAO CARLOS | G74: =_xlfn.MINIFS(DADOS!$I:$I,DADOS!$B:$B,B74) -> 45358 | H74: =_xlfn.MAXIFS(DADOS!$I:$I,DADOS!$B:$B,B74) -> 46245 | I74: =CONFIG!$E$1-CLIENTES!H74 -> 9 | J74: =HYPERLINK("mailto:"&C74&"?subject="&CONFIG!$G$1&"&body="&CONFIG!$G$3,"Enviar e-mail") -> Enviar e-mail
A75: 2163 | B75: BIO-LAB SAO JUDAS TADEU S/C LTDA - ME | C75: biolabsjt@gmail.com | E75: BOCAINA | G75: =_xlfn.MINIFS(DADOS!$I:$I,DADOS!$B:$B,B75) -> 45363 | H75: =_xlfn.MAXIFS(DADOS!$I:$I,DADOS!$B:$B,B75) -> 46237 | I75: =CONFIG!$E$1-CLIENTES!H75 -> 17 | J75: =HYPERLINK("mailto:"&C75&"?subject="&CONFIG!$G$1&"&body="&CONFIG!$G$3,"Enviar e-mail") -> Enviar e-mail
A76: 2198 | B76: LABORATORIO BIONALISES S.S. LTDA | C76: marciopaschuini@bioanalisems.com.br | E76: TRES LAGOAS | G76: =_xlfn.MINIFS(DADOS!$I:$I,DADOS!$B:$B,B76) -> 45418 | H76: =_xlfn.MAXIFS(DADOS!$I:$I,DADOS!$B:$B,B76) -> 46001 | I76: =CONFIG!$E$1-CLIENTES!H76 -> 253 | J76: =HYPERLINK("mailto:"&C76&"?subject="&CONFIG!$G$1&"&body="&CONFIG!$G$3,"Enviar e-mail") -> Enviar e-mail
A77: 2203 | B77: FUNDACAO EDUCACIONAL DE ANDRADINA-FEA | C77: fundacaofea@gmail.com | E77: ANDRADINA | F77: FACULDADE | G77: =_xlfn.MINIFS(DADOS!$I:$I,DADOS!$B:$B,B77) -> 45366 | H77: =_xlfn.MAXIFS(DADOS!$I:$I,DADOS!$B:$B,B77) -> 46050 | I77: =CONFIG!$E$1-CLIENTES!H77 -> 204 | J77: =HYPERLINK("mailto:"&C77&"?subject="&CONFIG!$G$1&"&body="&CONFIG!$G$3,"Enviar e-mail") -> Enviar e-mail
A78: 2397 | B78: LAB ANAL CLINICAS SANTA RITA S/C LTDA | C78: laboratorio_santa_rita@hotmail.com | E78: VISTA ALEGRE DO ALTO | G78: =_xlfn.MINIFS(DADOS!$I:$I,DADOS!$B:$B,B78) -> 45352 | H78: =_xlfn.MAXIFS(DADOS!$I:$I,DADOS!$B:$B,B78) -> 46161 | I78: =CONFIG!$E$1-CLIENTES!H78 -> 93 | J78: =HYPERLINK("mailto:"&C78&"?subject="&CONFIG!$G$1&"&body="&CONFIG!$G$3,"Enviar e-mail") -> Enviar e-mail
A79: 2415 | B79: ROSSETTO E BARROS LABORATORIO DE ANALISES CLINICAS LTDA | C79: biomedlp@uol.com.br | E79: LENCOIS PAULISTA | G79: =_xlfn.MINIFS(DADOS!$I:$I,DADOS!$B:$B,B79) -> 45376 | H79: =_xlfn.MAXIFS(DADOS!$I:$I,DADOS!$B:$B,B79) -> 46226 | I79: =CONFIG!$E$1-CLIENTES!H79 -> 28 | J79: =HYPERLINK("mailto:"&C79&"?subject="&CONFIG!$G$1&"&body="&CONFIG!$G$3,"Enviar e-mail") -> Enviar e-mail
A80: 2572 | B80: LAB. ANAL. CLIN. COFFERS S/C LTDA | C80: marcelocoffers@bol.com.br | E80: SANTA CRUZ DO RIO PARDO | G80: =_xlfn.MINIFS(DADOS!$I:$I,DADOS!$B:$B,B80) -> 45567 | H80: =_xlfn.MAXIFS(DADOS!$I:$I,DADOS!$B:$B,B80) -> 46245 | I80: =CONFIG!$E$1-CLIENTES!H80 -> 9 | J80: =HYPERLINK("mailto:"&C80&"?subject="&CONFIG!$G$1&"&body="&CONFIG!$G$3,"Enviar e-mail") -> Enviar e-mail
A81: 2655 | B81: LABORATORIO JUNHO TEIXEIRA LTDA | C81: junhoteixeira@outlook.com | E81: OURO FINO | F81: LABORATORIO | G81: =_xlfn.MINIFS(DADOS!$I:$I,DADOS!$B:$B,B81) -> 45370 | H81: =_xlfn.MAXIFS(DADOS!$I:$I,DADOS!$B:$B,B81) -> 45504 | I81: =CONFIG!$E$1-CLIENTES!H81 -> 750 | J81: =HYPERLINK("mailto:"&C81&"?subject="&CONFIG!$G$1&"&body="&CONFIG!$G$3,"Enviar e-mail") -> Enviar e-mail
A82: 2702 | B82: SANTA CASA DE MISER. DE TAQUARITUBA | C82: brendaleme@gmail.com | E82: TAQUARITUBA | G82: =_xlfn.MINIFS(DADOS!$I:$I,DADOS!$B:$B,B82) -> 45385 | H82: =_xlfn.MAXIFS(DADOS!$I:$I,DADOS!$B:$B,B82) -> 46209 | I82: =CONFIG!$E$1-CLIENTES!H82 -> 45 | J82: =HYPERLINK("mailto:"&C82&"?subject="&CONFIG!$G$1&"&body="&CONFIG!$G$3,"Enviar e-mail") -> Enviar e-mail
A83: 2752 | B83: ROTOLI CLINICA VETERINARIA LTDA ME | C83: amanda_zr@hotmail.com | E83: MOGI-MIRIM | G83: =_xlfn.MINIFS(DADOS!$I:$I,DADOS!$B:$B,B83) -> 45588 | H83: =_xlfn.MAXIFS(DADOS!$I:$I,DADOS!$B:$B,B83) -> 46191 | I83: =CONFIG!$E$1-CLIENTES!H83 -> 63 | J83: =HYPERLINK("mailto:"&C83&"?subject="&CONFIG!$G$1&"&body="&CONFIG!$G$3,"Enviar e-mail") -> Enviar e-mail
A84: 2795 | B84: INSTITUICAO DOM BOSCO DE ENSINO E CULTURA | C84: drc@fadap.br | E84: TUPA | G84: =_xlfn.MINIFS(DADOS!$I:$I,DADOS!$B:$B,B84) -> 45540 | H84: =_xlfn.MAXIFS(DADOS!$I:$I,DADOS!$B:$B,B84) -> 45579 | I84: =CONFIG!$E$1-CLIENTES!H84 -> 675 | J84: =HYPERLINK("mailto:"&C84&"?subject="&CONFIG!$G$1&"&body="&CONFIG!$G$3,"Enviar e-mail") -> Enviar e-mail
A85: 2911 | B85: BIOLIFE-LABORATORIO DE ANALISES CLINICAS LTDA | C85: marina@laboratoriobiolife.com.br | E85: MOCOCA | G85: =_xlfn.MINIFS(DADOS!$I:$I,DADOS!$B:$B,B85) -> 45356 | H85: =_xlfn.MAXIFS(DADOS!$I:$I,DADOS!$B:$B,B85) -> 46233 | I85: =CONFIG!$E$1-CLIENTES!H85 -> 21 | J85: =HYPERLINK("mailto:"&C85&"?subject="&CONFIG!$G$1&"&body="&CONFIG!$G$3,"Enviar e-mail") -> Enviar e-mail
A86: 2955 | B86: ASSOCIACAO SANTA CASA SAUDE DE ARACATUBA | C86: laboratorio@scsaudearacatuba.com.br | E86: ARACATUBA | F86: HOSPITAL | G86: =_xlfn.MINIFS(DADOS!$I:$I,DADOS!$B:$B,B86) -> 45401 | H86: =_xlfn.MAXIFS(DADOS!$I:$I,DADOS!$B:$B,B86) -> 46245 | I86: =CONFIG!$E$1-CLIENTES!H86 -> 9 | J86: =HYPERLINK("mailto:"&C86&"?subject="&CONFIG!$G$1&"&body="&CONFIG!$G$3,"Enviar e-mail") -> Enviar e-mail
A87: 2980 | B87: ALMEIDA & FLAITT LABORATORIOS DE ANALISES CLINICAS LTDA | C87: eficience2@hotmail.com | E87: TABATINGA | G87: =_xlfn.MINIFS(DADOS!$I:$I,DADOS!$B:$B,B87) -> 45363 | H87: =_xlfn.MAXIFS(DADOS!$I:$I,DADOS!$B:$B,B87) -> 46204 | I87: =CONFIG!$E$1-CLIENTES!H87 -> 50 | J87: =HYPERLINK("mailto:"&C87&"?subject="&CONFIG!$G$1&"&body="&CONFIG!$G$3,"Enviar e-mail") -> Enviar e-mail
A88: 3017 | B88: IMUNOLAB LABORATORIO DE ANALISES CLINICAS LTDA ME | C88: imunolab01@gmail.com | E88: AREIOPOLIS | G88: =_xlfn.MINIFS(DADOS!$I:$I,DADOS!$B:$B,B88) -> 45376 | H88: =_xlfn.MAXIFS(DADOS!$I:$I,DADOS!$B:$B,B88) -> 46238 | I88: =CONFIG!$E$1-CLIENTES!H88 -> 16 | J88: =HYPERLINK("mailto:"&C88&"?subject="&CONFIG!$G$1&"&body="&CONFIG!$G$3,"Enviar e-mail") -> Enviar e-mail
A89: 3018 | B89: NP- LABORATORIO DE ANALISES CLINICAS LTDA | C89: labormonte@hotmail.com | E89: MONTE APRAZIVEL | G89: =_xlfn.MINIFS(DADOS!$I:$I,DADOS!$B:$B,B89) -> 45376 | H89: =_xlfn.MAXIFS(DADOS!$I:$I,DADOS!$B:$B,B89) -> 46234 | I89: =CONFIG!$E$1-CLIENTES!H89 -> 20 | J89: =HYPERLINK("mailto:"&C89&"?subject="&CONFIG!$G$1&"&body="&CONFIG!$G$3,"Enviar e-mail") -> Enviar e-mail
A90: 3065 | B90: ML NOSSA SENHORA APARECIDA SERVICOS ADMINISTRATIVOS LTDA | C90: birigui.sp@amorsaude.com | E90: BIRIGUI | G90: =_xlfn.MINIFS(DADOS!$I:$I,DADOS!$B:$B,B90) -> 45590 | H90: =_xlfn.MAXIFS(DADOS!$I:$I,DADOS!$B:$B,B90) -> 45590 | I90: =CONFIG!$E$1-CLIENTES!H90 -> 664 | J90: =HYPERLINK("mailto:"&C90&"?subject="&CONFIG!$G$1&"&body="&CONFIG!$G$3,"Enviar e-mail") -> Enviar e-mail
A91: 3077 | B91: CBI ANALISES CLINICAS S/S LTDA | C91: italabgarcia@hotmail.com | E91: ITAPOLIS | G91: =_xlfn.MINIFS(DADOS!$I:$I,DADOS!$B:$B,B91) -> 45355 | H91: =_xlfn.MAXIFS(DADOS!$I:$I,DADOS!$B:$B,B91) -> 46106 | I91: =CONFIG!$E$1-CLIENTES!H91 -> 148 | J91: =HYPERLINK("mailto:"&C91&"?subject="&CONFIG!$G$1&"&body="&CONFIG!$G$3,"Enviar e-mail") -> Enviar e-mail
A92: 3153 | B92: UNIMED DE TUPA COOPERATIVA DE TRABALHO MEDICO | C92: lab.unimed@unimedtupa.com.br | E92: TUPA | G92: =_xlfn.MINIFS(DADOS!$I:$I,DADOS!$B:$B,B92) -> 45356 | H92: =_xlfn.MAXIFS(DADOS!$I:$I,DADOS!$B:$B,B92) -> 46238 | I92: =CONFIG!$E$1-CLIENTES!H92 -> 16 | J92: =HYPERLINK("mailto:"&C92&"?subject="&CONFIG!$G$1&"&body="&CONFIG!$G$3,"Enviar e-mail") -> Enviar e-mail
A93: 3190 | B93: C D A CENTRO DE DIAGNOSTICO VETERINARIO | C93: contato@cdalabvet.com.br | E93: PRESIDENTE PRUDENTE | G93: =_xlfn.MINIFS(DADOS!$I:$I,DADOS!$B:$B,B93) -> 45372 | H93: =_xlfn.MAXIFS(DADOS!$I:$I,DADOS!$B:$B,B93) -> 46247 | I93: =CONFIG!$E$1-CLIENTES!H93 -> 7 | J93: =HYPERLINK("mailto:"&C93&"?subject="&CONFIG!$G$1&"&body="&CONFIG!$G$3,"Enviar e-mail") -> Enviar e-mail
A94: 3194 | B94: CENTRO DE DIAGNOSTICOS CONTROLE LTDA | C94: compras@medsaoroque.com.br | E94: RIBEIRAO PRETO | G94: =_xlfn.MINIFS(DADOS!$I:$I,DADOS!$B:$B,B94) -> 45357 | H94: =_xlfn.MAXIFS(DADOS!$I:$I,DADOS!$B:$B,B94) -> 46217 | I94: =CONFIG!$E$1-CLIENTES!H94 -> 37 | J94: =HYPERLINK("mailto:"&C94&"?subject="&CONFIG!$G$1&"&body="&CONFIG!$G$3,"Enviar e-mail") -> Enviar e-mail
A95: 3240 | B95: LABORLOPES LABORATORIO DE ANALISES CLINICAS LTDA | C95: laborlopes@hotmail.com | E95: CLEMENTINA | G95: =_xlfn.MINIFS(DADOS!$I:$I,DADOS!$B:$B,B95) -> 45387 | H95: =_xlfn.MAXIFS(DADOS!$I:$I,DADOS!$B:$B,B95) -> 46204 | I95: =CONFIG!$E$1-CLIENTES!H95 -> 50 | J95: =HYPERLINK("mailto:"&C95&"?subject="&CONFIG!$G$1&"&body="&CONFIG!$G$3,"Enviar e-mail") -> Enviar e-mail
A96: 3245 | B96: LABORATORIO DE ANALISES CLINICAS ROSSETO & BARROS LTDA | C96: comercial.biomedlp@uol.com.br | E96: RIBAS DO RIO PARDO | G96: =_xlfn.MINIFS(DADOS!$I:$I,DADOS!$B:$B,B96) -> 45421 | H96: =_xlfn.MAXIFS(DADOS!$I:$I,DADOS!$B:$B,B96) -> 45905 | I96: =CONFIG!$E$1-CLIENTES!H96 -> 349 | J96: =HYPERLINK("mailto:"&C96&"?subject="&CONFIG!$G$1&"&body="&CONFIG!$G$3,"Enviar e-mail") -> Enviar e-mail
A97: 3405 | B97: CONSORCIO INTERMUNICIPAL DE SAUDE | C97: ciensp.licitacao@terra.com.br | E97: ANDRADINA | F97: LABORATORIO | G97: =_xlfn.MINIFS(DADOS!$I:$I,DADOS!$B:$B,B97) -> 45530 | H97: =_xlfn.MAXIFS(DADOS!$I:$I,DADOS!$B:$B,B97) -> 45910 | I97: =CONFIG!$E$1-CLIENTES!H97 -> 344 | J97: =HYPERLINK("mailto:"&C97&"?subject="&CONFIG!$G$1&"&body="&CONFIG!$G$3,"Enviar e-mail") -> Enviar e-mail
A98: 3475 | B98: LQF LABORATORIO QUIMICO FARMACEUTICO RIO PRETO EIRELI - ME | C98: compras2@lqf.com.br | E98: SAO JOSE DO RIO PRETO | G98: =_xlfn.MINIFS(DADOS!$I:$I,DADOS!$B:$B,B98) -> 45372 | H98: =_xlfn.MAXIFS(DADOS!$I:$I,DADOS!$B:$B,B98) -> 46246 | I98: =CONFIG!$E$1-CLIENTES!H98 -> 8 | J98: =HYPERLINK("mailto:"&C98&"?subject="&CONFIG!$G$1&"&body="&CONFIG!$G$3,"Enviar e-mail") -> Enviar e-mail
A99: 3565 | B99: LAB LIFE LABORATORIO DE ANALISES CLINICAS LTDA | C99: jessica_b_ferraz@hotmail.com | E99: ANDRADINA | G99: =_xlfn.MINIFS(DADOS!$I:$I,DADOS!$B:$B,B99) -> 45468 | H99: =_xlfn.MAXIFS(DADOS!$I:$I,DADOS!$B:$B,B99) -> 45623 | I99: =CONFIG!$E$1-CLIENTES!H99 -> 631 | J99: =HYPERLINK("mailto:"&C99&"?subject="&CONFIG!$G$1&"&body="&CONFIG!$G$3,"Enviar e-mail") -> Enviar e-mail
A100: 9063 | B100: LABORATORIO SAMIA LTDA | C100: juliausamia@gmail.com | E100: CALDAS | F100: LABORATORIO | G100: =_xlfn.MINIFS(DADOS!$I:$I,DADOS!$B:$B,B100) -> 45357 | H100: =_xlfn.MAXIFS(DADOS!$I:$I,DADOS!$B:$B,B100) -> 46139 | I100: =CONFIG!$E$1-CLIENTES!H100 -> 115 | J100: =HYPERLINK("mailto:"&C100&"?subject="&CONFIG!$G$1&"&body="&CONFIG!$G$3,"Enviar e-mail") -> Enviar e-mail
A101: 50185 | B101: ANIMALAB SS LTDA | C101: animalabsc@hotmail.com | E101: SAO CARLOS | F101: VETERINARIA | G101: =_xlfn.MINIFS(DADOS!$I:$I,DADOS!$B:$B,B101) -> 45476 | H101: =_xlfn.MAXIFS(DADOS!$I:$I,DADOS!$B:$B,B101) -> 46223 | I101: =CONFIG!$E$1-CLIENTES!H101 -> 31 | J101: =HYPERLINK("mailto:"&C101&"?subject="&CONFIG!$G$1&"&body="&CONFIG!$G$3,"Enviar e-mail") -> Enviar e-mail
A102: 50219 | B102: UNIPREV LAB DE ANALISES LOCACAO DE BENS E REPAROS LTDA EPP | C102: rodrigo@uniprev.com.br | E102: DESCALVADO | G102: =_xlfn.MINIFS(DADOS!$I:$I,DADOS!$B:$B,B102) -> 45356 | H102: =_xlfn.MAXIFS(DADOS!$I:$I,DADOS!$B:$B,B102) -> 46240 | I102: =CONFIG!$E$1-CLIENTES!H102 -> 14 | J102: =HYPERLINK("mailto:"&C102&"?subject="&CONFIG!$G$1&"&body="&CONFIG!$G$3,"Enviar e-mail") -> Enviar e-mail
A103: 50222 | B103: HOSPITAL REGIONAL DR VIVALDO MARTINS SIMOES | E103: OSASCO | G103: =_xlfn.MINIFS(DADOS!$I:$I,DADOS!$B:$B,B103) -> 45414 | H103: =_xlfn.MAXIFS(DADOS!$I:$I,DADOS!$B:$B,B103) -> 45597 | I103: =CONFIG!$E$1-CLIENTES!H103 -> 657 | J103: =HYPERLINK("mailto:"&C103&"?subject="&CONFIG!$G$1&"&body="&CONFIG!$G$3,"Enviar e-mail") -> Enviar e-mail
A104: 50310 | B104: ANSELMO EDUARDO BIANCO | E104: ARARAS | G104: =_xlfn.MINIFS(DADOS!$I:$I,DADOS!$B:$B,B104) -> 45497 | H104: =_xlfn.MAXIFS(DADOS!$I:$I,DADOS!$B:$B,B104) -> 45831 | I104: =CONFIG!$E$1-CLIENTES!H104 -> 423 | J104: =HYPERLINK("mailto:"&C104&"?subject="&CONFIG!$G$1&"&body="&CONFIG!$G$3,"Enviar e-mail") -> Enviar e-mail
A105: 50312 | B105: LAB-MED LAB.ANALISES CLINICAS | C105: labmedtaba@gmail.com | E105: TABATINGA | G105: =_xlfn.MINIFS(DADOS!$I:$I,DADOS!$B:$B,B105) -> 45411 | H105: =_xlfn.MAXIFS(DADOS!$I:$I,DADOS!$B:$B,B105) -> 46120 | I105: =CONFIG!$E$1-CLIENTES!H105 -> 134 | J105: =HYPERLINK("mailto:"&C105&"?subject="&CONFIG!$G$1&"&body="&CONFIG!$G$3,"Enviar e-mail") -> Enviar e-mail
A106: 50418 | B106: LABORATORIO SAO LUCAS DE BROTAS SS LTDA | C106: financeiro.labsaolucasbrotas@gmail.com | E106: BROTAS | G106: =_xlfn.MINIFS(DADOS!$I:$I,DADOS!$B:$B,B106) -> 45362 | H106: =_xlfn.MAXIFS(DADOS!$I:$I,DADOS!$B:$B,B106) -> 46232 | I106: =CONFIG!$E$1-CLIENTES!H106 -> 22 | J106: =HYPERLINK("mailto:"&C106&"?subject="&CONFIG!$G$1&"&body="&CONFIG!$G$3,"Enviar e-mail") -> Enviar e-mail
A107: 50465 | B107: LABORATORIO DE ANALISES CLINICAS VIDA BIRIGUI LTDA | C107: laboratoriovidabg@hotmail.com | E107: BIRIGUI | G107: =_xlfn.MINIFS(DADOS!$I:$I,DADOS!$B:$B,B107) -> 45421 | H107: =_xlfn.MAXIFS(DADOS!$I:$I,DADOS!$B:$B,B107) -> 46244 | I107: =CONFIG!$E$1-CLIENTES!H107 -> 10 | J107: =HYPERLINK("mailto:"&C107&"?subject="&CONFIG!$G$1&"&body="&CONFIG!$G$3,"Enviar e-mail") -> Enviar e-mail
A108: 50497 | B108: DIAGNOSTIKA-UNIDADE DIAGNOSTICA EM PATOLOGIA CIRURGICA E CITOLOGIA LTDA | C108: compras@diagnostika.med.br | E108: SAO PAULO | G108: =_xlfn.MINIFS(DADOS!$I:$I,DADOS!$B:$B,B108) -> 45391 | H108: =_xlfn.MAXIFS(DADOS!$I:$I,DADOS!$B:$B,B108) -> 45644 | I108: =CONFIG!$E$1-CLIENTES!H108 -> 610 | J108: =HYPERLINK("mailto:"&C108&"?subject="&CONFIG!$G$1&"&body="&CONFIG!$G$3,"Enviar e-mail") -> Enviar e-mail
A109: 50526 | B109: MURILO RIGOTTO TERRASSI | E109: SANTA RITA DO PASSA QUATRO | G109: =_xlfn.MINIFS(DADOS!$I:$I,DADOS!$B:$B,B109) -> 45363 | H109: =_xlfn.MAXIFS(DADOS!$I:$I,DADOS!$B:$B,B109) -> 45617 | I109: =CONFIG!$E$1-CLIENTES!H109 -> 637 | J109: =HYPERLINK("mailto:"&C109&"?subject="&CONFIG!$G$1&"&body="&CONFIG!$G$3,"Enviar e-mail") -> Enviar e-mail
A110: 50554 | B110: SAO ROQUE MEDICINA DIAGNOSTICA | C110: saoroquecompras@hotmail.com | E110: BEBEDOURO | G110: =_xlfn.MINIFS(DADOS!$I:$I,DADOS!$B:$B,B110) -> 45357 | H110: =_xlfn.MAXIFS(DADOS!$I:$I,DADOS!$B:$B,B110) -> 46176 | I110: =CONFIG!$E$1-CLIENTES!H110 -> 78 | J110: =HYPERLINK("mailto:"&C110&"?subject="&CONFIG!$G$1&"&body="&CONFIG!$G$3,"Enviar e-mail") -> Enviar e-mail
A111: 50558 | B111: FUNDACAO PAULISTA DE TECNOLOGIA E EDUCACAO | C111: dpcompras@fpte.br | E111: LINS | G111: =_xlfn.MINIFS(DADOS!$I:$I,DADOS!$B:$B,B111) -> 45352 | H111: =_xlfn.MAXIFS(DADOS!$I:$I,DADOS!$B:$B,B111) -> 46234 | I111: =CONFIG!$E$1-CLIENTES!H111 -> 20 | J111: =HYPERLINK("mailto:"&C111&"?subject="&CONFIG!$G$1&"&body="&CONFIG!$G$3,"Enviar e-mail") -> Enviar e-mail
A112: 50576 | B112: ANDRIAO CANEPPA E SILVA LTDA ME | C112: aa2laboratorio@hotmail.com | E112: PROMISSAO | G112: =_xlfn.MINIFS(DADOS!$I:$I,DADOS!$B:$B,B112) -> 45363 | H112: =_xlfn.MAXIFS(DADOS!$I:$I,DADOS!$B:$B,B112) -> 46162 | I112: =CONFIG!$E$1-CLIENTES!H112 -> 92 | J112: =HYPERLINK("mailto:"&C112&"?subject="&CONFIG!$G$1&"&body="&CONFIG!$G$3,"Enviar e-mail") -> Enviar e-mail
A113: 50728 | B113: SESTITO & TORRES CLINICA MEDICA | C113: elisandratorres@hotmail.com | E113: CATANDUVA | G113: =_xlfn.MINIFS(DADOS!$I:$I,DADOS!$B:$B,B113) -> 45406 | H113: =_xlfn.MAXIFS(DADOS!$I:$I,DADOS!$B:$B,B113) -> 46248 | I113: =CONFIG!$E$1-CLIENTES!H113 -> 6 | J113: =HYPERLINK("mailto:"&C113&"?subject="&CONFIG!$G$1&"&body="&CONFIG!$G$3,"Enviar e-mail") -> Enviar e-mail
A114: 50816 | B114: RALO & DORNELLES CLINICA VETERINARIA LTDA ME | C114: jaquelinem.ralo@gmail.com | E114: SAO JOSE DO RIO PRETO | F114: VETERINARIA | G114: =_xlfn.MINIFS(DADOS!$I:$I,DADOS!$B:$B,B114) -> 45439 | H114: =_xlfn.MAXIFS(DADOS!$I:$I,DADOS!$B:$B,B114) -> 45533 | I114: =CONFIG!$E$1-CLIENTES!H114 -> 721 | J114: =HYPERLINK("mailto:"&C114&"?subject="&CONFIG!$G$1&"&body="&CONFIG!$G$3,"Enviar e-mail") -> Enviar e-mail
A115: 50936 | B115: LABORATORIO DE ANALISES CLINICAS SAO JOSE LTDA | C115: compras@laboratoriosaojose.com.br | E115: ARAGUARI | G115: =_xlfn.MINIFS(DADOS!$I:$I,DADOS!$B:$B,B115) -> 45419 | H115: =_xlfn.MAXIFS(DADOS!$I:$I,DADOS!$B:$B,B115) -> 46204 | I115: =CONFIG!$E$1-CLIENTES!H115 -> 50 | J115: =HYPERLINK("mailto:"&C115&"?subject="&CONFIG!$G$1&"&body="&CONFIG!$G$3,"Enviar e-mail") -> Enviar e-mail
A116: 50961 | B116: SOLUTE MEDICAL GROUP BRAZIL LTDA | C116: andre.tocchio@solutemedical.com.br | E116: INDAIATUBA | F116: VETERINARIA | G116: =_xlfn.MINIFS(DADOS!$I:$I,DADOS!$B:$B,B116) -> 45498 | H116: =_xlfn.MAXIFS(DADOS!$I:$I,DADOS!$B:$B,B116) -> 46240 | I116: =CONFIG!$E$1-CLIENTES!H116 -> 14 | J116: =HYPERLINK("mailto:"&C116&"?subject="&CONFIG!$G$1&"&body="&CONFIG!$G$3,"Enviar e-mail") -> Enviar e-mail
A117: 51042 | B117: CLINICAO ANDRADINA PET SHOP E CLINICA VETERINARIA LTDA | C117: clinicao_vet@hotmail.com | E117: ANDRADINA | G117: =_xlfn.MINIFS(DADOS!$I:$I,DADOS!$B:$B,B117) -> 45488 | H117: =_xlfn.MAXIFS(DADOS!$I:$I,DADOS!$B:$B,B117) -> 46244 | I117: =CONFIG!$E$1-CLIENTES!H117 -> 10 | J117: =HYPERLINK("mailto:"&C117&"?subject="&CONFIG!$G$1&"&body="&CONFIG!$G$3,"Enviar e-mail") -> Enviar e-mail
A118: 51175 | B118: CLINICA MEDICA E ODONTOLOGICA AMOR SAUDE TUPA LTDA | C118: tupa.sp@amorsaude.com | E118: TUPA | G118: =_xlfn.MINIFS(DADOS!$I:$I,DADOS!$B:$B,B118) -> 45397 | H118: =_xlfn.MAXIFS(DADOS!$I:$I,DADOS!$B:$B,B118) -> 46223 | I118: =CONFIG!$E$1-CLIENTES!H118 -> 31 | J118: =HYPERLINK("mailto:"&C118&"?subject="&CONFIG!$G$1&"&body="&CONFIG!$G$3,"Enviar e-mail") -> Enviar e-mail
A119: 500005 | B119: ASSOCIACAO EDUCACIONAL DE ENSINO SUPERIOR | C119: laboratorios@unilago.edu.br | E119: SAO JOSE DO RIO PRETO | F119: FACULDADE | G119: =_xlfn.MINIFS(DADOS!$I:$I,DADOS!$B:$B,B119) -> 45462 | H119: =_xlfn.MAXIFS(DADOS!$I:$I,DADOS!$B:$B,B119) -> 47272 | I119: =CONFIG!$E$1-CLIENTES!H119 -> -1018 | J119: =HYPERLINK("mailto:"&C119&"?subject="&CONFIG!$G$1&"&body="&CONFIG!$G$3,"Enviar e-mail") -> Enviar e-mail
A120: 500149 | B120: SAO ROQUE MEDICINA DIAGNOSTICA LTDA | C120: compras@medsaoroque.com.br | E120: SINOP | F120: LABORATORIO | G120: =_xlfn.MINIFS(DADOS!$I:$I,DADOS!$B:$B,B120) -> 45419 | H120: =_xlfn.MAXIFS(DADOS!$I:$I,DADOS!$B:$B,B120) -> 46245 | I120: =CONFIG!$E$1-CLIENTES!H120 -> 9 | J120: =HYPERLINK("mailto:"&C120&"?subject="&CONFIG!$G$1&"&body="&CONFIG!$G$3,"Enviar e-mail") -> Enviar e-mail
A121: 500243 | B121: UNIMED DE IBITINGA COOPERATIVA DE TRABALHO MEDICO | C121: laboratorio@unimedibitinga.com.br | E121: IBITINGA | G121: =_xlfn.MINIFS(DADOS!$I:$I,DADOS!$B:$B,B121) -> 45499 | H121: =_xlfn.MAXIFS(DADOS!$I:$I,DADOS!$B:$B,B121) -> 46239 | I121: =CONFIG!$E$1-CLIENTES!H121 -> 15 | J121: =HYPERLINK("mailto:"&C121&"?subject="&CONFIG!$G$1&"&body="&CONFIG!$G$3,"Enviar e-mail") -> Enviar e-mail
A122: 500245 | B122: NOTRE DAME INTERMEDICA MINAS GERAIS SAUDE S.A | C122: nf.prestadores@hapvida.com.br | E122: BETIM | G122: =_xlfn.MINIFS(DADOS!$I:$I,DADOS!$B:$B,B122) -> 45588 | H122: =_xlfn.MAXIFS(DADOS!$I:$I,DADOS!$B:$B,B122) -> 45588 | I122: =CONFIG!$E$1-CLIENTES!H122 -> 666 | J122: =HYPERLINK("mailto:"&C122&"?subject="&CONFIG!$G$1&"&body="&CONFIG!$G$3,"Enviar e-mail") -> Enviar e-mail
A123: 712 | B123: MARCELO MAURICIO DE SOUZA | C123: diretoria.servilab@gmail.com | E123: MACAUBAL | F123: LABORATORIO | G123: =_xlfn.MINIFS(DADOS!$I:$I,DADOS!$B:$B,B123) -> 45664 | H123: =_xlfn.MAXIFS(DADOS!$I:$I,DADOS!$B:$B,B123) -> 45687 | I123: =CONFIG!$E$1-CLIENTES!H123 -> 567 | J123: Enviar e-mail
A124: 50794 | B124: LABORATORIO GUIMARAES LTDA | C124: administrativo@laboratorioguimaraes.com | E124: BASTOS | F124: LABORATORIO | G124: =_xlfn.MINIFS(DADOS!$I:$I,DADOS!$B:$B,B124) -> 45671 | H124: =_xlfn.MAXIFS(DADOS!$I:$I,DADOS!$B:$B,B124) -> 45671 | I124: =CONFIG!$E$1-CLIENTES!H124 -> 583 | J124: Enviar e-mail
A125: 500434 | B125: MS10 COMERCIAL DE VIDRARIAS PARA LABORATORIOS LTDA | C125: ms10comercial@hotmail.com | E125: DIADEMA | F125: REVENDA | G125: =_xlfn.MINIFS(DADOS!$I:$I,DADOS!$B:$B,B125) -> 45685 | H125: =_xlfn.MAXIFS(DADOS!$I:$I,DADOS!$B:$B,B125) -> 45813 | I125: =CONFIG!$E$1-CLIENTES!H125 -> 441 | J125: Enviar e-mail
...

Sheet DADOS
A1: CLIENTE | B1: NOME | C1: ENVIO | D1: PEDIDO INSUMOS | E1: VALOR INSUMOS | F1: PEDIDO EQUIPAMENTO | G1: VALOR EQUIPAMENTO | H1: LOCAÇÃO | I1: DATA
A2: 705 | B2: =IFERROR(VLOOKUP(A2,CLIENTES!A:E,2,0),"CADASTRAR CLIENTE") -> JOAO JOSE SCHIAVUZZO ME | C2: WHATS | D2: 70919 | E2: 389.35 | I2: 45352
A3: 705 | B3: =IFERROR(VLOOKUP(A3,CLIENTES!A:E,2,0),"CADASTRAR CLIENTE") -> JOAO JOSE SCHIAVUZZO ME | C3: WHATS | D3: 98127 | E3: 884.95 | I3: 45352
A4: 50558 | B4: =IFERROR(VLOOKUP(A4,CLIENTES!A:E,2,0),"CADASTRAR CLIENTE") -> FUNDACAO PAULISTA DE TECNOLOGIA E EDUCACAO | C4: EMAIL | D4: 71252 | E4: 3005.2 | I4: 45352
A5: 50558 | B5: =IFERROR(VLOOKUP(A5,CLIENTES!A:E,2,0),"CADASTRAR CLIENTE") -> FUNDACAO PAULISTA DE TECNOLOGIA E EDUCACAO | C5: EMAIL | D5: 72125 | E5: 2585 | I5: 45352
A6: 746 | B6: =IFERROR(VLOOKUP(A6,CLIENTES!A:E,2,0),"CADASTRAR CLIENTE") -> LAB.ANAL.CLIN.BIOCLIN SC LTDA. | C6: TEL | D6: 71236 | E6: 2994.26 | I6: 45352
A7: 746 | B7: =IFERROR(VLOOKUP(A7,CLIENTES!A:E,2,0),"CADASTRAR CLIENTE") -> LAB.ANAL.CLIN.BIOCLIN SC LTDA. | C7: TEL | D7: 98201 | E7: 273.3 | I7: 45352
A8: 731 | B8: =IFERROR(VLOOKUP(A8,CLIENTES!A:E,2,0),"CADASTRAR CLIENTE") -> UNILAB LABORATORIO ANALISES CLINICAS SANTA FE DO SUL LTDA | C8: WHATS | D8: 71126 | E8: 744 | I8: 45352
A9: 50600 | B9: =IFERROR(VLOOKUP(A9,CLIENTES!A:E,2,0),"CADASTRAR CLIENTE") -> CADASTRAR CLIENTE | C9: WHATS | D9: 70713 | E9: 846.59 | I9: 45352
A10: 50600 | B10: =IFERROR(VLOOKUP(A10,CLIENTES!A:E,2,0),"CADASTRAR CLIENTE") -> CADASTRAR CLIENTE | C10: WHATS | D10: 71101 | E10: 1640 | I10: 45352
A11: 1058 | B11: =IFERROR(VLOOKUP(A11,CLIENTES!A:E,2,0),"CADASTRAR CLIENTE") -> LAB. ANAL. CLIN. DR ARNALDO BUAINAIN SS LTDA | C11: WHATS | D11: 71247 | E11: 600 | I11: 45352
A12: 2397 | B12: =IFERROR(VLOOKUP(A12,CLIENTES!A:E,2,0),"CADASTRAR CLIENTE") -> LAB ANAL CLINICAS SANTA RITA S/C LTDA | C12: TEL | D12: 70924 | E12: 969 | I12: 45352
A13: 1026 | B13: =IFERROR(VLOOKUP(A13,CLIENTES!A:E,2,0),"CADASTRAR CLIENTE") -> LABSC SERVICOS LABORATORIAIS LTDA | C13: EMAIL | D13: 71230 | E13: 532 | I13: 45352
... A76: 756 | B76: =IFERROR(VLOOKUP(A76,CLIENTES!A:E,2,0),"CADASTRAR CLIENTE") -> LAB.TRIANON DE ANAL.CLIN.SC LTDA. | C76: WHATS | D76: 71636 | E76: 1125.91 | I76: 45364
A77: 906 | B77: =IFERROR(VLOOKUP(A77,CLIENTES!A:E,2,0),"CADASTRAR CLIENTE") -> LABORATORIO ANAL. CLIN. DESCALVADO LTDA | C77: WHATS | D77: 71646 | E77: 8134 | F77: 1 | G77: 6980 | I77: 45364
A78: 762 | B78: =IFERROR(VLOOKUP(A78,CLIENTES!A:E,2,0),"CADASTRAR CLIENTE") -> STA. CASA MISERICORDIA DE ARACATUBA | C78: WHATS | D78: 71410 | E78: 5556.94 | I78: 45364
A79: 762 | B79: =IFERROR(VLOOKUP(A79,CLIENTES!A:E,2,0),"CADASTRAR CLIENTE") -> STA. CASA MISERICORDIA DE ARACATUBA | C79: WHATS | D79: 71410 | E79: 10289.85 | I79: 45364
A80: 724 | B80: =IFERROR(VLOOKUP(A80,CLIENTES!A:E,2,0),"CADASTRAR CLIENTE") -> LAB. ANAL. CLIN. DRA SILVIA M.MANZATO LARANJO SC LTDA. | C80: WHATS | D80: 71670 | E80: 978.8 | I80: 45364
A81: 475 | B81: =IFERROR(VLOOKUP(A81,CLIENTES!A:E,2,0),"CADASTRAR CLIENTE") -> LABORATORIO DE ANALISES CLINICAS SRC LTDA | C81: WHATS | D81: 71693 | E81: 3860 | I81: 45365
A82: 1194 | B82: =IFERROR(VLOOKUP(A82,CLIENTES!A:E,2,0),"CADASTRAR CLIENTE") -> CADASTRAR CLIENTE | C82: TEL | D82: 71484 | E82: 572 | I82: 45365
A83: 335 | B83: =IFERROR(VLOOKUP(A83,CLIENTES!A:E,2,0),"CADASTRAR CLIENTE") -> LABORATORIO VIDA S/S LTDA | C83: TEL | D83: 98205 | E83: 43.6 | I83: 45365
A84: 335 | B84: =IFERROR(VLOOKUP(A84,CLIENTES!A:E,2,0),"CADASTRAR CLIENTE") -> LABORATORIO VIDA S/S LTDA | C84: TEL | D84: 71659 | E84: 47.5 | I84: 45365
A85: 432 | B85: =IFERROR(VLOOKUP(A85,CLIENTES!A:E,2,0),"CADASTRAR CLIENTE") -> LABORATORIO PASTEUR HEMATOLOGIA E MICROBIOLOGIA S/S LTDA | C85: WHATS | D85: 71686 | E85: 161.4 | I85: 45366
A86: 2203 | B86: =IFERROR(VLOOKUP(A86,CLIENTES!A:E,2,0),"CADASTRAR CLIENTE") -> FUNDACAO EDUCACIONAL DE ANDRADINA-FEA | C86: EMAIL | D86: 71649 | E86: 1473.2 | I86: 45366
A87: 50219 | B87: =IFERROR(VLOOKUP(A87,CLIENTES!A:E,2,0),"CADASTRAR CLIENTE") -> UNIPREV LAB DE ANALISES LOCACAO DE BENS E REPAROS LTDA EPP | C87: WHATS | D87: 71770 | E87: 60 | I87: 45369
A88: 746 | B88: =IFERROR(VLOOKUP(A88,CLIENTES!A:E,2,0),"CADASTRAR CLIENTE") -> LAB.ANAL.CLIN.BIOCLIN SC LTDA. | C88: TEL | D88: 71787 | E88: 1110 | I88: 45369
A89: 2022 | B89: =IFERROR(VLOOKUP(A89,CLIENTES!A:E,2,0),"CADASTRAR CLIENTE") -> LAB. MEDICO DR. MARICONDI S/C LTDA. | C89: WHATS | D89: 71465 | E89: 308 | I89: 45369
... A249: 1533 | B249: =IFERROR(VLOOKUP(A249,CLIENTES!A:E,2,0),"CADASTRAR CLIENTE") -> LABORATORIO BIOANALISE DIAGNOSTICO LTDA | C249: WHATS | D249: 72651 | E249: 706.2 | I249: 45394
A250: 513 | B250: =IFERROR(VLOOKUP(A250,CLIENTES!A:E,2,0),"CADASTRAR CLIENTE") -> CADASTRAR CLIENTE | C250: WHATS | D250: 72802 | E250: 2955 | F250: 1 | G250: 2995 | I250: 45394
A251: 1041 | B251: =IFERROR(VLOOKUP(A251,CLIENTES!A:E,2,0),"CADASTRAR CLIENTE") -> EDSON VANDERLEI CARRERA | C251: WHATS | D251: 72800 | E251: 594.5 | I251: 45394
A252: 762 | B252: =IFERROR(VLOOKUP(A252,CLIENTES!A:E,2,0),"CADASTRAR CLIENTE") -> STA. CASA MISERICORDIA DE ARACATUBA | C252: EMAIL | D252: 72610 | E252: 3974.3 | I252: 45394
A253: 762 | B253: =IFERROR(VLOOKUP(A253,CLIENTES!A:E,2,0),"CADASTRAR CLIENTE") -> STA. CASA MISERICORDIA DE ARACATUBA | C253: EMAIL | D253: 72611 | E253: 9420.38 | I253: 45394
A254: 51175 | B254: =IFERROR(VLOOKUP(A254,CLIENTES!A:E,2,0),"CADASTRAR CLIENTE") -> CLINICA MEDICA E ODONTOLOGICA AMOR SAUDE TUPA LTDA | C254: WHATS | D254: 72834 | E254: 164.15 | I254: 45397
A255: 3017 | B255: =IFERROR(VLOOKUP(A255,CLIENTES!A:E,2,0),"CADASTRAR CLIENTE") -> IMUNOLAB LABORATORIO DE ANALISES CLINICAS LTDA ME | C255: WHATS | D255: 72898 | E255: 657.88 | I255: 45397
A256: 980 | B256: =IFERROR(VLOOKUP(A256,CLIENTES!A:E,2,0),"CADASTRAR CLIENTE") -> LAB. GUARARAPES ANAL. CLIN. SC LTDA | C256: WHATS | D256: 72901 | E256: 142 | I256: 45397
A257: 620 | B257: =IFERROR(VLOOKUP(A257,CLIENTES!A:E,2,0),"CADASTRAR CLIENTE") -> LAB.SAO PAULO DE ANAL.CLIN.SC LTDA. | C257: WHATS | D257: 72909 | E257: 554.68 | I257: 45397
A258: 1806 | B258: =IFERROR(VLOOKUP(A258,CLIENTES!A:E,2,0),"CADASTRAR CLIENTE") -> LABORATORIO DE ANALISES CLINICAS SENTOME LTDA-ME | C258: EMAIL | D258: 72888 | E258: 822.6 | I258: 45397
A259: 335 | B259: =IFERROR(VLOOKUP(A259,CLIENTES!A:E,2,0),"CADASTRAR CLIENTE") -> LABORATORIO VIDA S/S LTDA | C259: WHATS | D259: 72874 | E259: 379.47 | I259: 45397
A260: 335 | B260: =IFERROR(VLOOKUP(A260,CLIENTES!A:E,2,0),"CADASTRAR CLIENTE") -> LABORATORIO VIDA S/S LTDA | C260: WHATS | D260: 98497 | E260: 432.3 | I260: 45397
A261: 620 | B261: =IFERROR(VLOOKUP(A261,CLIENTES!A:E,2,0),"CADASTRAR CLIENTE") -> LAB.SAO PAULO DE ANAL.CLIN.SC LTDA. | C261: WHATS | D261: 98509 | E261: 220.2 | I261: 45397
A262: 480 | B262: =IFERROR(VLOOKUP(A262,CLIENTES!A:E,2,0),"CADASTRAR CLIENTE") -> LAB SAO LUCAS | C262: WHATS | D262: 72932 | E262: 2890 | I262: 45398
... A265: 3190 | B265: =IFERROR(VLOOKUP(A265,CLIENTES!A:E,2,0),"CADASTRAR CLIENTE") -> C D A CENTRO DE DIAGNOSTICO VETERINARIO | C265: WHATS | D265: 73006 | E265: 1289.9 | I265: 45399
A266: 3190 | B266: =IFERROR(VLOOKUP(A266,CLIENTES!A:E,2,0),"CADASTRAR CLIENTE") -> C D A CENTRO DE DIAGNOSTICO VETERINARIO | C266: WHATS | D266: 72989 | E266: 4280 | F266: 1 | G266: 4280 | I266: 45399
A267: 2163 | B267: =IFERROR(VLOOKUP(A267,CLIENTES!A:E,2,0),"CADASTRAR CLIENTE") -> BIO-LAB SAO JUDAS TADEU S/C LTDA - ME | C267: TEL | D267: 73003 | E267: 2211 | I267: 45399
A268: 1652 | B268: =IFERROR(VLOOKUP(A268,CLIENTES!A:E,2,0),"CADASTRAR CLIENTE") -> LAB. SANTA CLARA ANAL.CLIN. | C268: TEL | D268: 73014 | E268: 271.01 | I268: 45399
A269: 1652 | B269: =IFERROR(VLOOKUP(A269,CLIENTES!A:E,2,0),"CADASTRAR CLIENTE") -> LAB. SANTA CLARA ANAL.CLIN. | C269: TEL | D269: 98332 | E269: 154.05 | I269: 45399
A270: 9063 | B270: =IFERROR(VLOOKUP(A270,CLIENTES!A:E,2,0),"CADASTRAR CLIENTE") -> LABORATORIO SAMIA LTDA | C270: WHATS | D270: 73027 | E270: 279.6 | I270: 45400
A271: 705 | B271: =IFERROR(VLOOKUP(A271,CLIENTES!A:E,2,0),"CADASTRAR CLIENTE") -> JOAO JOSE SCHIAVUZZO ME | C271: TEL | D271: 72422 | E271: 1178 | I271: 45400
A272: 2163 | B272: =IFERROR(VLOOKUP(A272,CLIENTES!A:E,2,0),"CADASTRAR CLIENTE") -> BIO-LAB SAO JUDAS TADEU S/C LTDA - ME | C272: TEL | D272: 73031 | E272: 239.2 | I272: 45400
A273: 475 | B273: =IFERROR(VLOOKUP(A273,CLIENTES!A:E,2,0),"CADASTRAR CLIENTE") -> LABORATORIO DE ANALISES CLINICAS SRC LTDA | C273: WHATS | D273: 72818 | E273: 5315.57 | I273: 45400
A274: 475 | B274: =IFERROR(VLOOKUP(A274,CLIENTES!A:E,2,0),"CADASTRAR CLIENTE") -> LABORATORIO DE ANALISES CLINICAS SRC LTDA | C274: WHATS | D274: 98527 | E274: 95.8 | I274: 45400
A275: 432 | B275: =IFERROR(VLOOKUP(A275,CLIENTES!A:E,2,0),"CADASTRAR CLIENTE") -> LABORATORIO PASTEUR HEMATOLOGIA E MICROBIOLOGIA S/S LTDA | C275: WHATS | D275: 73035 | E275: 854.31 | I275: 45400
A276: 3153 | B276: =IFERROR(VLOOKUP(A276,CLIENTES!A:E,2,0),"CADASTRAR CLIENTE") -> UNIMED DE TUPA COOPERATIVA DE TRABALHO MEDICO | C276: WHATS | D276: 72671 | E276: 1410 | I276: 45400
A277: 516 | B277: =IFERROR(VLOOKUP(A277,CLIENTES!A:E,2,0),"CADASTRAR CLIENTE") -> TECNOLAB PATOLOGIA CLINICA S/C LTDA | C277: WHATS | D277: 72934 | E277: 5088.9 | I277: 45400
A278: 1742 | B278: =IFERROR(VLOOKUP(A278,CLIENTES!A:E,2,0),"CADASTRAR CLIENTE") -> A.C. BARBOSA S/C LTDA. | C278: WHATS | D278: 73085 | E278: 1011.3 | I278: 45401
... A293: 364 | B293: =IFERROR(VLOOKUP(A293,CLIENTES!A:E,2,0),"CADASTRAR CLIENTE") -> VITALIS LAB.ANAL.CLIN.S/C LTDA | C293: WHATS | D293: 98482 | E293: 185.48 | I293: 45404
A294: 3190 | B294: =IFERROR(VLOOKUP(A294,CLIENTES!A:E,2,0),"CADASTRAR CLIENTE") -> C D A CENTRO DE DIAGNOSTICO VETERINARIO | C294: WHATS | D294: 73138 | E294: 1850 | F294: 1 | G294: 1850 | I294: 45404
A295: 1206 | B295: =IFERROR(VLOOKUP(A295,CLIENTES!A:E,2,0),"CADASTRAR CLIENTE") -> LABORATORIO RIO NEGRO CENTER DE MARILIA LTDA | C295: WHATS | D295: 73145 | E295: 675.84 | I295: 45404
A296: 2911 | B296: =IFERROR(VLOOKUP(A296,CLIENTES!A:E,2,0),"CADASTRAR CLIENTE") -> BIOLIFE-LABORATORIO DE ANALISES CLINICAS LTDA | C296: WHATS | D296: 73149 | E296: 397.81 | I296: 45404
A297: 3018 | B297: =IFERROR(VLOOKUP(A297,CLIENTES!A:E,2,0),"CADASTRAR CLIENTE") -> NP- LABORATORIO DE ANALISES CLINICAS LTDA | C297: WHATS | D297: 98549 | E297: 342 | I297: 45404
A298: 3018 | B298: =IFERROR(VLOOKUP(A298,CLIENTES!A:E,2,0),"CADASTRAR CLIENTE") -> NP- LABORATORIO DE ANALISES CLINICAS LTDA | C298: WHATS | D298: 73152 | E298: 475 | I298: 45404
A299: 50497 | B299: =IFERROR(VLOOKUP(A299,CLIENTES!A:E,2,0),"CADASTRAR CLIENTE") -> DIAGNOSTIKA-UNIDADE DIAGNOSTICA EM PATOLOGIA CIRURGICA E CITOLOGIA LTDA | C299: WHATS | D299: 98552 | E299: 96.6 | I299: 45404
A300: 50497 | B300: =IFERROR(VLOOKUP(A300,CLIENTES!A:E,2,0),"CADASTRAR CLIENTE") -> DIAGNOSTIKA-UNIDADE DIAGNOSTICA EM PATOLOGIA CIRURGICA E CITOLOGIA LTDA | C300: WHATS | D300: 73160 | E300: 518.4 | I300: 45404
A301: 2022 | B301: =IFERROR(VLOOKUP(A301,CLIENTES!A:E,2,0),"CADASTRAR CLIENTE") -> LAB. MEDICO DR. MARICONDI S/C LTDA. | C301: EMAIL | D301: 73173 | E301: 2368.5 | I301: 45405
A302: 761 | B302: =IFERROR(VLOOKUP(A302,CLIENTES!A:E,2,0),"CADASTRAR CLIENTE") -> EXAME CENTRO DIAG.M.ARACATUBA SC LTDA. | C302: WHATS | D302: 98548 | E302: 204 | I302: 45405
A303: 761 | B303: =IFERROR(VLOOKUP(A303,CLIENTES!A:E,2,0),"CADASTRAR CLIENTE") -> EXAME CENTRO DIAG.M.ARACATUBA SC LTDA. | C303: WHATS | D303: 73187 | E303: 347 | I303: 45405
A304: 1493 | B304: =IFERROR(VLOOKUP(A304,CLIENTES!A:E,2,0),"CADASTRAR CLIENTE") -> CEDIMA CENTRO DE DIAG MONTE AZUL ANAL CLIN E CIT | C304: WHATS | D304: 73214 | E304: 609.2 | I304: 45405
A305: 1652 | B305: =IFERROR(VLOOKUP(A305,CLIENTES!A:E,2,0),"CADASTRAR CLIENTE") -> LAB. SANTA CLARA ANAL.CLIN. | C305: WHATS | D305: 98332 | E305: 264.05 | I305: 45405
A306: 1652 | B306: =IFERROR(VLOOKUP(A306,CLIENTES!A:E,2,0),"CADASTRAR CLIENTE") -> LAB. SANTA CLARA ANAL.CLIN. | C306: WHATS | D306: 73017 | E306: 374.82 | I306: 45405
... A423: 2415 | B423: =IFERROR(VLOOKUP(A423,CLIENTES!A:E,2,0),"CADASTRAR CLIENTE") -> ROSSETTO E BARROS LABORATORIO DE ANALISES CLINICAS LTDA | C423: WHATS | D423: 73980 | E423: 1671.8 | I423: 45426
A424: 50418 | B424: =IFERROR(VLOOKUP(A424,CLIENTES!A:E,2,0),"CADASTRAR CLIENTE") -> LABORATORIO SAO LUCAS DE BROTAS SS LTDA | C424: WHATS | E424: 410 | I424: 45427
A425: 475 | B425: =IFERROR(VLOOKUP(A425,CLIENTES!A:E,2,0),"CADASTRAR CLIENTE") -> LABORATORIO DE ANALISES CLINICAS SRC LTDA | C425: TEL | D425: 74016 | E425: 2500 | I425: 45427
A426: 1026 | B426: =IFERROR(VLOOKUP(A426,CLIENTES!A:E,2,0),"CADASTRAR CLIENTE") -> LABSC SERVICOS LABORATORIAIS LTDA | C426: WHATS | D426: 73258 | E426: 750 | I426: 45427
A427: 1806 | B427: =IFERROR(VLOOKUP(A427,CLIENTES!A:E,2,0),"CADASTRAR CLIENTE") -> LABORATORIO DE ANALISES CLINICAS SENTOME LTDA-ME | C427: EMAIL | D427: 73727 | E427: 495.25 | I427: 45427
A428: 474 | B428: =IFERROR(VLOOKUP(A428,CLIENTES!A:E,2,0),"CADASTRAR CLIENTE") -> LABORATI LAB. ANAL. CLIN. TIETE S/C LTDA. | C428: WHATS | D428: 74007 | E428: 139.8 | I428: 45428
A429: 474 | B429: =IFERROR(VLOOKUP(A429,CLIENTES!A:E,2,0),"CADASTRAR CLIENTE") -> LABORATI LAB. ANAL. CLIN. TIETE S/C LTDA. | C429: WHATS | D429: 98692 | E429: 551.4 | I429: 45428
A430: 475 | B430: =IFERROR(VLOOKUP(A430,CLIENTES!A:E,2,0),"CADASTRAR CLIENTE") -> LABORATORIO DE ANALISES CLINICAS SRC LTDA | C430: WHATS | D430: 73845 | E430: 18649.44 | I430: 45428
A431: 1989 | B431: =IFERROR(VLOOKUP(A431,CLIENTES!A:E,2,0),"CADASTRAR CLIENTE") -> SAO FRANCISCO ANAL. CLIN. | C431: WHATS | D431: 73812 | E431: 561 | I431: 45428
A432: 2763 | B432: =IFERROR(VLOOKUP(A432,CLIENTES!A:E,2,0),"CADASTRAR CLIENTE") -> cliente bia | C432: WHATS | D432: 73810 | E432: 606.06 | I432: 45428
A433: 2397 | B433: =IFERROR(VLOOKUP(A433,CLIENTES!A:E,2,0),"CADASTRAR CLIENTE") -> LAB ANAL CLINICAS SANTA RITA S/C LTDA | C433: WHATS | D433: 73957 | E433: 834 | I433: 45428
A434: 874 | B434: =IFERROR(VLOOKUP(A434,CLIENTES!A:E,2,0),"CADASTRAR CLIENTE") -> LAB.ANAL.CLIN ABI JAUDI SC LTDA. | C434: WHATS | D434: 74057 | E434: 678.69 | I434: 45428
A435: 687 | B435: =IFERROR(VLOOKUP(A435,CLIENTES!A:E,2,0),"CADASTRAR CLIENTE") -> LAB ANAL CLIN VENDRAMINI S/S LTDA | C435: WHATS | D435: 73474 | E435: 1056.5 | I435: 45428
A436: 1726 | B436: =IFERROR(VLOOKUP(A436,CLIENTES!A:E,2,0),"CADASTRAR CLIENTE") -> IRMANDADE DA SANTA CASA DE MISERIC. DE MOGI MIRIM | C436: EMAIL | D436: 73883 | E436: 294.1 | I436: 45428
... A587: 761 | B587: =IFERROR(VLOOKUP(A587,CLIENTES!A:E,2,0),"CADASTRAR CLIENTE") -> EXAME CENTRO DIAG.M.ARACATUBA SC LTDA. | C587: WHATS | D587: 75156 | E587: 160 | I587: 45461
A588: 500005 | B588: =IFERROR(VLOOKUP(A588,CLIENTES!A:E,2,0),"CADASTRAR CLIENTE") -> ASSOCIACAO EDUCACIONAL DE ENSINO SUPERIOR | C588: WHATS | D588: 75184 | E588: 4960 | F588: 3 | G588: 4960 | I588: 45462
A589: 3077 | B589: =IFERROR(VLOOKUP(A589,CLIENTES!A:E,2,0),"CADASTRAR CLIENTE") -> CBI ANALISES CLINICAS S/S LTDA | C589: WHATS | D589: 75188 | E589: 7990 | F589: 1 | G589: 7990 | I589: 45462
A590: 516 | B590: =IFERROR(VLOOKUP(A590,CLIENTES!A:E,2,0),"CADASTRAR CLIENTE") -> TECNOLAB PATOLOGIA CLINICA S/C LTDA | C590: WHATS | D590: 75186 | E590: 8318.92 | I590: 45462
A591: 3032 | B591: =IFERROR(VLOOKUP(A591,CLIENTES!A:E,2,0),"CADASTRAR CLIENTE") -> CADASTRAR CLIENTE | C591: WHATS | D591: 75196 | E591: 220 | I591: 45462
A592: 690 | B592: =IFERROR(VLOOKUP(A592,CLIENTES!A:E,2,0),"CADASTRAR CLIENTE") -> SAO ROQUE MEDICINA DIAGNOSTICA LTDA EPP | C592: WHATS | D592: 74370 | E592: 189 | I592: 45462
A593: 50554 | B593: =IFERROR(VLOOKUP(A593,CLIENTES!A:E,2,0),"CADASTRAR CLIENTE") -> SAO ROQUE MEDICINA DIAGNOSTICA | C593: WHATS | D593: 74371 | E593: 189 | I593: 45462
A594: 1989 | B594: =IFERROR(VLOOKUP(A594,CLIENTES!A:E,2,0),"CADASTRAR CLIENTE") -> SAO FRANCISCO ANAL. CLIN. | C594: WHATS | D594: 74373 | E594: 606.12 | I594: 45462
A595: 544 | B595: =IFERROR(VLOOKUP(A595,CLIENTES!A:E,2,0),"CADASTRAR CLIENTE") -> CADASTRAR CLIENTE | C595: WHATS | D595: 75179 | E595: 706.6 | I595: 45462
A596: 3017 | B596: =IFERROR(VLOOKUP(A596,CLIENTES!A:E,2,0),"CADASTRAR CLIENTE") -> IMUNOLAB LABORATORIO DE ANALISES CLINICAS LTDA ME | C596: WHATS | D596: 75207 | E596: 1425.1 | I596: 45462
A597: 575 | B597: =IFERROR(VLOOKUP(A597,CLIENTES!A:E,2,0),"CADASTRAR CLIENTE") -> DR MUNHOZ HOSPITAL VETERINARIO E PET SHOP | C597: TEL | D597: 75215 | E597: 258.73 | I597: 45462
A598: 575 | B598: =IFERROR(VLOOKUP(A598,CLIENTES!A:E,2,0),"CADASTRAR CLIENTE") -> DR MUNHOZ HOSPITAL VETERINARIO E PET SHOP | C598: TEL | D598: 98934 | E598: 108 | I598: 45462
A599: 1813 | B599: =IFERROR(VLOOKUP(A599,CLIENTES!A:E,2,0),"CADASTRAR CLIENTE") -> BIOMED LAB.ANAL.CLIN. SC LTDA | C599: TEL | D599: 75229 | E599: 1830.35 | I599: 45463
A600: 2192 | B600: =IFERROR(VLOOKUP(A600,CLIENTES!A:E,2,0),"CADASTRAR CLIENTE") -> CADASTRAR CLIENTE | C600: WHATS | D600: 75218 | E600: 2541.13 | I600: 45463
A601: 1164 | B601: =IFERROR(VLOOKUP(A601,CLIENTES!A:E,2,0),"CADASTRAR CLIENTE") -> LAB. ANAL. CLIN. SAO LOURENCO S/C LTDA | C601: WHATS | D601: 75255 | E601: 1330.57 | I601: 45463
... A863: 1493 | B863: =IFERROR(VLOOKUP(A863,CLIENTES!A:E,2,0),"CADASTRAR CLIENTE") -> CEDIMA CENTRO DE DIAG MONTE AZUL ANAL CLIN E CIT | C863: WHATS | D863: 76977 | E863: 856.7 | I863: 45519
A864: 741 | B864: =IFERROR(VLOOKUP(A864,CLIENTES!A:E,2,0),"CADASTRAR CLIENTE") -> LAB. ANAL. CLIN. DR. HELIO NAKABASHI SC LTDA | C864: WHATS | D864: 76978 | E864: 7400 | F864: 1 | G864: 7400 | I864: 45519
...

Sheet DASHBOARD 3.0
B2: =B7+B10 -> 143312.18 | E2: =B2/CONFIG!B3 -> 0.49761174 | H2: TOP 20 CLIENTES
H3: SKU | I3: NOME | J3: VALORES INSUMOS | K3: VALORES EQUIPAMENTOS | L3: % VENDA | M3: CIDADE
B4: VENDAS TOTAIS | E4: META MENSAL | H4: =INDEX(CLIENTES!A:A,(MATCH('DASHBOARD 3.0'!I4,CLIENTES!B:B,0))) -> 475 | I4: LABORATORIO DE ANALISES CLINICAS SRC LTDA | J4: 15586.8 | L4: =(J4+K4)/$B$2 -> 0.10876117 | M4: =INDEX(CLIENTES!E:E,(MATCH('DASHBOARD 3.0'!I4,CLIENTES!B:B,0))) -> CATANDUVA
H5: =INDEX(CLIENTES!A:A,(MATCH('DASHBOARD 3.0'!I5,CLIENTES!B:B,0))) -> 761 | I5: EXAME CENTRO DIAG.M.ARACATUBA SC LTDA. | J5: 13246.72 | L5: =(J5+K5)/$B$2 -> 0.092432618 | M5: =INDEX(CLIENTES!E:E,(MATCH('DASHBOARD 3.0'!I5,CLIENTES!B:B,0))) -> ARACATUBA
H6: =INDEX(CLIENTES!A:A,(MATCH('DASHBOARD 3.0'!I6,CLIENTES!B:B,0))) -> 501033 | I6: EASYMED SERVICOS MEDICOS LTDA | J6: 12947.81 | L6: =(J6+K6)/$B$2 -> 0.090346892 | M6: =INDEX(CLIENTES!E:E,(MATCH('DASHBOARD 3.0'!I6,CLIENTES!B:B,0))) -> 0
B7: =DINAMICOS!$B$1 -> 135392.18 | E7: =B2/(CONFIG!B3*12) -> 0.041467645 | H7: =INDEX(CLIENTES!A:A,(MATCH('DASHBOARD 3.0'!I7,CLIENTES!B:B,0))) -> 762 | I7: STA. CASA MISERICORDIA DE ARACATUBA | J7: 7411.61 | L7: =(J7+K7)/$B$2 -> 0.051716539 | M7: =INDEX(CLIENTES!E:E,(MATCH('DASHBOARD 3.0'!I7,CLIENTES!B:B,0))) -> ARACATUBA
B8: VENDAS ISUMOS | H8: =INDEX(CLIENTES!A:A,(MATCH('DASHBOARD 3.0'!I8,CLIENTES!B:B,0))) -> 3557 | I8: ASSOCIACAO BENEFICIENTE NOSSA SENHORA DE NAZARE | J8: 5730.55 | L8: =(J8+K8)/$B$2 -> 0.039986483 | M8: =INDEX(CLIENTES!E:E,(MATCH('DASHBOARD 3.0'!I8,CLIENTES!B:B,0))) -> SÃO PAULO
E9: META ANUAL | H9: =INDEX(CLIENTES!A:A,(MATCH('DASHBOARD 3.0'!I9,CLIENTES!B:B,0))) -> 501153 | I9: LABORATORIO SAO ROQUE LTDA | J9: 5420.39 | L9: =(J9+K9)/$B$2 -> 0.037822256 | M9: =INDEX(CLIENTES!E:E,(MATCH('DASHBOARD 3.0'!I9,CLIENTES!B:B,0))) -> 0
B10: =DINAMICOS!$D$1 -> 7920 | H10: =INDEX(CLIENTES!A:A,(MATCH('DASHBOARD 3.0'!I10,CLIENTES!B:B,0))) -> 690 | I10: SAO ROQUE MEDICINA DIAGNOSTICA LTDA EPP | J10: 4273.04 | L10: =(J10+K10)/$B$2 -> 0.029816307 | M10: =INDEX(CLIENTES!E:E,(MATCH('DASHBOARD 3.0'!I10,CLIENTES!B:B,0))) -> JALES
B11: VENDAS EQUIPAMENTOS | H11: =INDEX(CLIENTES!A:A,(MATCH('DASHBOARD 3.0'!I11,CLIENTES!B:B,0))) -> 500005 | I11: ASSOCIACAO EDUCACIONAL DE ENSINO SUPERIOR | J11: 3947.1 | K11: 6580 | L11: =(J11+K11)/$B$2 -> 0.073455724 | M11: =INDEX(CLIENTES!E:E,(MATCH('DASHBOARD 3.0'!I11,CLIENTES!B:B,0))) -> SAO JOSE DO RIO PRETO
H12: =INDEX(CLIENTES!A:A,(MATCH('DASHBOARD 3.0'!I12,CLIENTES!B:B,0))) -> 2955 | I12: ASSOCIACAO SANTA CASA SAUDE DE ARACATUBA | J12: 3931.1 | L12: =(J12+K12)/$B$2 -> 0.027430327 | M12: =INDEX(CLIENTES!E:E,(MATCH('DASHBOARD 3.0'!I12,CLIENTES!B:B,0))) -> ARACATUBA
B13: =DINAMICOS!$F$1 -> 47 | H13: =INDEX(CLIENTES!A:A,(MATCH('DASHBOARD 3.0'!I13,CLIENTES!B:B,0))) -> 325 | I13: EXAME-LABORAT. DE ANAL. CLIN. CITODIAGNOSTICO S/S LTDA | J13: 3695.45 | L13: =(J13+K13)/$B$2 -> 0.025786015 | M13: =INDEX(CLIENTES!E:E,(MATCH('DASHBOARD 3.0'!I13,CLIENTES!B:B,0))) -> PRESIDENTE PRUDENTE
B14: PEDIDOS INSUMOS | H14: =INDEX(CLIENTES!A:A,(MATCH('DASHBOARD 3.0'!I14,CLIENTES!B:B,0))) -> 516 | I14: TECNOLAB PATOLOGIA CLINICA S/C LTDA | J14: 3597.6 | L14: =(J14+K14)/$B$2 -> 0.02510324 | M14: =INDEX(CLIENTES!E:E,(MATCH('DASHBOARD 3.0'!I14,CLIENTES!B:B,0))) -> BAURU
H15: =INDEX(CLIENTES!A:A,(MATCH('DASHBOARD 3.0'!I15,CLIENTES!B:B,0))) -> 500507 | I15: LABORATORIOS DOCTOR | J15: 3521.52 | L15: =(J15+K15)/$B$2 -> 0.024572371 | M15: =INDEX(CLIENTES!E:E,(MATCH('DASHBOARD 3.0'!I15,CLIENTES!B:B,0))) -> ITU
B16: =DINAMICOS!$H$1 -> 0 | H16: =INDEX(CLIENTES!A:A,(MATCH('DASHBOARD 3.0'!I16,CLIENTES!B:B,0))) -> 500149 | I16: SAO ROQUE MEDICINA DIAGNOSTICA LTDA | J16: 3429.9 | L16: =(J16+K16)/$B$2 -> 0.023933067 | M16: =INDEX(CLIENTES!E:E,(MATCH('DASHBOARD 3.0'!I16,CLIENTES!B:B,0))) -> SINOP
B17: PEDIDOS EQUIPAMENTOS | H17: =INDEX(CLIENTES!A:A,(MATCH('DASHBOARD 3.0'!I17,CLIENTES!B:B,0))) -> 2572 | I17: LAB. ANAL. CLIN. COFFERS S/C LTDA | J17: 3380.62 | L17: =(J17+K17)/$B$2 -> 0.023589202 | M17: =INDEX(CLIENTES!E:E,(MATCH('DASHBOARD 3.0'!I17,CLIENTES!B:B,0))) -> SANTA CRUZ DO RIO PARDO
H18: =INDEX(CLIENTES!A:A,(MATCH('DASHBOARD 3.0'!I18,CLIENTES!B:B,0))) -> 480 | I18: LAB SAO LUCAS | J18: 3258.5 | L18: =(J18+K18)/$B$2 -> 0.022737076 | M18: =INDEX(CLIENTES!E:E,(MATCH('DASHBOARD 3.0'!I18,CLIENTES!B:B,0))) -> TABATINGA
H19: =INDEX(CLIENTES!A:A,(MATCH('DASHBOARD 3.0'!I19,CLIENTES!B:B,0))) -> 581 | I19: CLINILAB LABORAT. ANAL. CLIN SC LTDA | J19: 3197.08 | L19: =(J19+K19)/$B$2 -> 0.022308502 | M19: =INDEX(CLIENTES!E:E,(MATCH('DASHBOARD 3.0'!I19,CLIENTES!B:B,0))) -> IBITINGA
H20: =INDEX(CLIENTES!A:A,(MATCH('DASHBOARD 3.0'!I20,CLIENTES!B:B,0))) -> 434 | I20: BIOLABOR LAB. ANAL. CLIN. SC LTDA. | J20: 3101.2 | L20: =(J20+K20)/$B$2 -> 0.021639473 | M20: =INDEX(CLIENTES!E:E,(MATCH('DASHBOARD 3.0'!I20,CLIENTES!B:B,0))) -> 0
H21: =INDEX(CLIENTES!A:A,(MATCH('DASHBOARD 3.0'!I21,CLIENTES!B:B,0))) -> 311 | I21: CENTRO DE ANAL.CLIN. UNILAB SC LTDA. | J21: 2820.45 | K21: 1340 | L21: =(J21+K21)/$B$2 -> 0.02903068 | M21: =INDEX(CLIENTES!E:E,(MATCH('DASHBOARD 3.0'!I21,CLIENTES!B:B,0))) -> PRESIDENTE PRUDENTE
H22: =INDEX(CLIENTES!A:A,(MATCH('DASHBOARD 3.0'!I22,CLIENTES!B:B,0))) -> 3492 | I22: SOCIEDADE EDUCACIONAL UBERABENSE | J22: 2676.4 | L22: =(J22+K22)/$B$2 -> 0.018675314 | M22: =INDEX(CLIENTES!E:E,(MATCH('DASHBOARD 3.0'!I22,CLIENTES!B:B,0))) -> UBERABA
H23: =INDEX(CLIENTES!A:A,(MATCH('DASHBOARD 3.0'!I23,CLIENTES!B:B,0))) -> 50465 | I23: LABORATORIO DE ANALISES CLINICAS VIDA BIRIGUI LTDA | J23: 2415.98 | L23: =(J23+K23)/$B$2 -> 0.016858162 | M23: =INDEX(CLIENTES!E:E,(MATCH('DASHBOARD 3.0'!I23,CLIENTES!B:B,0))) -> BIRIGUI
I24: Total Geral | J24: 107589.82 | K24: 7920 | L24: =SUM(L4:L23) -> 0.80600142
