Workbook
Name SegmentaçãodeDados_Anos__DATA: #N/A
Name SegmentaçãodeDados_Meses__DATA: #N/A

Sheet CONFIG
A1: SIM | E1: =TODAY() -> 46254 | G1: "Sentimos sua falta!"
A2: NÃO | B2: META
B3: 80000 | G3: Estamos há prontos para renovar nossa parceria! Volte a comprar conosco e descubra ofertas exclusivas pensadas para você.
B7: LABORATORIO
B8: VETERINARIA
B9: INDUSTRIA
B10: FARMACIA
B11: HOSPITAL
B12: FACULDADE
B13: REVENDA

Sheet DINAMICOS
B1: =GETPIVOTDATA("VALOR INSUMOS",$B$2) -> 0 | D1: =GETPIVOTDATA("VALOR EQUIPAMENTO",$D$2) -> 0 | F1: =GETPIVOTDATA("PEDIDO INSUMOS",$F$2) -> 0 | H1: =GETPIVOTDATA("PEDIDO EQUIPAMENTO",$H$2) -> 0
B2: Soma de VALOR INSUMOS | D2: Soma de VALOR EQUIPAMENTO | F2: Contagem de PEDIDO INSUMOS | H2: Contagem de PEDIDO EQUIPAMENTO
D3: 0

Sheet LIGACAO
A1: CLIENTE | B1: NOME | C1: RESPONSÁVEL | D1: DATA | E1: HORA | F1: ATENDEU | G1: OBSERVAÇÃO | H1: VISITA | I1: MOTIVO

Sheet CLIENTES
A1: SKU | B1: NOME | C1: EMAIL | D1: WHATS | E1: CIDADE | F1: SEGMENTO | G1: PRIMEIRA COMPRA | H1: ULTIMA COMPRA | I1: INAT(DIAS) | J1: EMAIL | K1: OBSERVAÇÃO
G2: =_xlfn.MINIFS(DADOS!$I:$I,DADOS!$B:$B,B2) -> 0 | H2: =_xlfn.MAXIFS(DADOS!$I:$I,DADOS!$B:$B,B2) -> 0 | I2: =CONFIG!$E$1-CLIENTES!H2 -> 46254 | J2: =HYPERLINK("mailto:"&C2&"?subject="&CONFIG!$G$1&"&body="&CONFIG!$G$3,"Enviar e-mail") -> Enviar e-mail

Sheet DADOS
A1: CLIENTE | B1: NOME | C1: ENVIO | D1: PEDIDO INSUMOS | E1: VALOR INSUMOS | F1: PEDIDO EQUIPAMENTO | G1: VALOR EQUIPAMENTO | H1: LOCAÇÃO | I1: DATA | J1: OBSERVAÇAO

Sheet DASHBOARD 3.0
B2: =B7+B10 -> 0 | E2: =B2/CONFIG!B3 -> 0 | H2: TOP 20 CLIENTES
H3: SKU | I3: NOME | J3: VALORES INSUMOS | K3: VALORES EQUIPAMENTOS | L3: % VENDA | M3: CIDADE
B4: VENDAS TOTAIS | E4: META MENSAL | H4: 501094 | I4: POPULAR PET | K4: 0 | L4: =(J4+K4)/$B$2 -> #DIV/0! | M4: =INDEX(CLIENTES!E:E,(MATCH('DASHBOARD 3.0'!I4,CLIENTES!B:B,0))) -> #N/A
H5: =INDEX(CLIENTES!A:A,(MATCH('DASHBOARD 3.0'!I5,CLIENTES!B:B,0))) -> #N/A | I5: Total Geral | K5: 0 | L5: =(J5+K5)/$B$2 -> #DIV/0! | M5: =INDEX(CLIENTES!E:E,(MATCH('DASHBOARD 3.0'!I5,CLIENTES!B:B,0))) -> #N/A
H6: =INDEX(CLIENTES!A:A,(MATCH('DASHBOARD 3.0'!I6,CLIENTES!B:B,0))) -> #N/A | L6: =(J6+K6)/$B$2 -> #DIV/0! | M6: =INDEX(CLIENTES!E:E,(MATCH('DASHBOARD 3.0'!I6,CLIENTES!B:B,0))) -> #N/A
B7: =DINAMICOS!$B$1 -> 0 | E7: =B2/(CONFIG!B3*12) -> 0 | H7: =INDEX(CLIENTES!A:A,(MATCH('DASHBOARD 3.0'!I7,CLIENTES!B:B,0))) -> #N/A | L7: =(J7+K7)/$B$2 -> #DIV/0! | M7: =INDEX(CLIENTES!E:E,(MATCH('DASHBOARD 3.0'!I7,CLIENTES!B:B,0))) -> #N/A
B8: VENDAS ISUMOS | H8: =INDEX(CLIENTES!A:A,(MATCH('DASHBOARD 3.0'!I8,CLIENTES!B:B,0))) -> #N/A | L8: =(J8+K8)/$B$2 -> #DIV/0! | M8: =INDEX(CLIENTES!E:E,(MATCH('DASHBOARD 3.0'!I8,CLIENTES!B:B,0))) -> #N/A
E9: META ANUAL | H9: =INDEX(CLIENTES!A:A,(MATCH('DASHBOARD 3.0'!I9,CLIENTES!B:B,0))) -> #N/A | L9: =(J9+K9)/$B$2 -> #DIV/0! | M9: =INDEX(CLIENTES!E:E,(MATCH('DASHBOARD 3.0'!I9,CLIENTES!B:B,0))) -> #N/A
B10: =DINAMICOS!$D$1 -> 0 | H10: =INDEX(CLIENTES!A:A,(MATCH('DASHBOARD 3.0'!I10,CLIENTES!B:B,0))) -> #N/A | L10: =(J10+K10)/$B$2 -> #DIV/0! | M10: =INDEX(CLIENTES!E:E,(MATCH('DASHBOARD 3.0'!I10,CLIENTES!B:B,0))) -> #N/A
B11: VENDAS EQUIPAMENTOS | H11: =INDEX(CLIENTES!A:A,(MATCH('DASHBOARD 3.0'!I11,CLIENTES!B:B,0))) -> #N/A | L11: =(J11+K11)/$B$2 -> #DIV/0! | M11: =INDEX(CLIENTES!E:E,(MATCH('DASHBOARD 3.0'!I11,CLIENTES!B:B,0))) -> #N/A
H12: =INDEX(CLIENTES!A:A,(MATCH('DASHBOARD 3.0'!I12,CLIENTES!B:B,0))) -> #N/A | L12: =(J12+K12)/$B$2 -> #DIV/0! | M12: =INDEX(CLIENTES!E:E,(MATCH('DASHBOARD 3.0'!I12,CLIENTES!B:B,0))) -> #N/A
B13: =DINAMICOS!$F$1 -> 0 | H13: =INDEX(CLIENTES!A:A,(MATCH('DASHBOARD 3.0'!I13,CLIENTES!B:B,0))) -> #N/A | L13: =(J13+K13)/$B$2 -> #DIV/0! | M13: =INDEX(CLIENTES!E:E,(MATCH('DASHBOARD 3.0'!I13,CLIENTES!B:B,0))) -> #N/A
B14: PEDIDOS INSUMOS | H14: =INDEX(CLIENTES!A:A,(MATCH('DASHBOARD 3.0'!I14,CLIENTES!B:B,0))) -> #N/A | L14: =(J14+K14)/$B$2 -> #DIV/0! | M14: =INDEX(CLIENTES!E:E,(MATCH('DASHBOARD 3.0'!I14,CLIENTES!B:B,0))) -> #N/A
H15: =INDEX(CLIENTES!A:A,(MATCH('DASHBOARD 3.0'!I15,CLIENTES!B:B,0))) -> #N/A | L15: =(J15+K15)/$B$2 -> #DIV/0! | M15: =INDEX(CLIENTES!E:E,(MATCH('DASHBOARD 3.0'!I15,CLIENTES!B:B,0))) -> #N/A
B16: =DINAMICOS!$H$1 -> 0 | H16: =INDEX(CLIENTES!A:A,(MATCH('DASHBOARD 3.0'!I16,CLIENTES!B:B,0))) -> #N/A | L16: =(J16+K16)/$B$2 -> #DIV/0! | M16: =INDEX(CLIENTES!E:E,(MATCH('DASHBOARD 3.0'!I16,CLIENTES!B:B,0))) -> #N/A
B17: PEDIDOS EQUIPAMENTOS | H17: =INDEX(CLIENTES!A:A,(MATCH('DASHBOARD 3.0'!I17,CLIENTES!B:B,0))) -> #N/A | L17: =(J17+K17)/$B$2 -> #DIV/0! | M17: =INDEX(CLIENTES!E:E,(MATCH('DASHBOARD 3.0'!I17,CLIENTES!B:B,0))) -> #N/A
H18: =INDEX(CLIENTES!A:A,(MATCH('DASHBOARD 3.0'!I18,CLIENTES!B:B,0))) -> #N/A | L18: =(J18+K18)/$B$2 -> #DIV/0! | M18: =INDEX(CLIENTES!E:E,(MATCH('DASHBOARD 3.0'!I18,CLIENTES!B:B,0))) -> #N/A
H19: =INDEX(CLIENTES!A:A,(MATCH('DASHBOARD 3.0'!I19,CLIENTES!B:B,0))) -> #N/A | L19: =(J19+K19)/$B$2 -> #DIV/0! | M19: =INDEX(CLIENTES!E:E,(MATCH('DASHBOARD 3.0'!I19,CLIENTES!B:B,0))) -> #N/A
H20: =INDEX(CLIENTES!A:A,(MATCH('DASHBOARD 3.0'!I20,CLIENTES!B:B,0))) -> #N/A | L20: =(J20+K20)/$B$2 -> #DIV/0! | M20: =INDEX(CLIENTES!E:E,(MATCH('DASHBOARD 3.0'!I20,CLIENTES!B:B,0))) -> #N/A
H21: =INDEX(CLIENTES!A:A,(MATCH('DASHBOARD 3.0'!I21,CLIENTES!B:B,0))) -> #N/A | L21: =(J21+K21)/$B$2 -> #DIV/0! | M21: =INDEX(CLIENTES!E:E,(MATCH('DASHBOARD 3.0'!I21,CLIENTES!B:B,0))) -> #N/A
H22: =INDEX(CLIENTES!A:A,(MATCH('DASHBOARD 3.0'!I22,CLIENTES!B:B,0))) -> #N/A | L22: =(J22+K22)/$B$2 -> #DIV/0! | M22: =INDEX(CLIENTES!E:E,(MATCH('DASHBOARD 3.0'!I22,CLIENTES!B:B,0))) -> #N/A
H23: =INDEX(CLIENTES!A:A,(MATCH('DASHBOARD 3.0'!I23,CLIENTES!B:B,0))) -> #N/A | L23: =(J23+K23)/$B$2 -> #DIV/0! | M23: =INDEX(CLIENTES!E:E,(MATCH('DASHBOARD 3.0'!I23,CLIENTES!B:B,0))) -> #N/A
L24: =SUM(L4:L23) -> #DIV/0!
